website,id,date,layer_counts,all_packet_count,all_packet_sizes,all_packet_total_size,all_packet_min_size,all_packet_max_size,all_packet_average_size,tcp_packet_count,tcp_packet_sizes,tcp_packet_total_size,tcp_packet_min_size,tcp_packet_max_size,tcp_packet_average_size,udp_count,udp_packet_count,udp_packet_sizes,udp_packet_total_size,udp_packet_min_size,udp_packet_max_size,udp_packet_average_size,ip_packet_count,ip_packet_sizes,ip_packet_total_size,ip_packet_min_size,ip_packet_max_size,ip_packet_average_size,dns_count,dns_query_types,dns_response_codes,dns_incomplete_transactions,data_count,data_total_payload_size,data_min_payload_size,data_max_payload_size,data_avg_payload_size,param_dpyproxy
https://www.malaysia-today.net/,86020c61-14d1-45a5-8364-9899e6468216,2025-04-09 00:26:28,{},0,[],0,0,0,0,0,[],0,0,0,0,0,0,[],0,0,0,0,0,[],0,0,0,0,0,{},{},0,0,0,0,0,0,False
https://www.malaysia-today.net/,cccfe181-7525-46d4-b17c-e6146a9466a1,2025-04-09 00:27:05,"{'eth': 269, 'ip': 269, 'tcp': 269, 'tls': 170, 'DATA': 79}",269,"[78, 74, 66, 398, 66, 1436, 1436, 163, 66, 72, 124, 152, 133, 66, 66, 137, 66, 97, 66, 1139, 1436, 87, 1436, 1436, 108, 1436, 1436, 108, 1436, 1436, 1436, 129, 66, 66, 1436, 1436, 108, 1436, 1436, 1436, 1436, 1436, 1436, 192, 1436, 1436, 108, 1436, 66, 66, 1436, 1436, 66, 66, 1436, 1436, 1385, 1385, 66, 78, 66, 1436, 87, 1436, 87, 1436, 1436, 108, 66, 1436, 1436, 66, 1436, 1436, 150, 66, 66, 1436, 1436, 66, 1436, 1436, 66, 66, 77, 1436, 87, 1436, 87, 1436, 1436, 1436, 207, 1436, 1436, 1436, 1436, 1436, 1436, 348, 1436, 1436, 1436, 1436, 1436, 1436, 1436, 66, 66, 1436, 1436, 66, 66, 66, 489, 1436, 1436, 1436, 493, 1436, 1436, 1436, 207, 1436, 1436, 1436, 1436, 1436, 1436, 1436, 1436, 1436, 1436, 1436, 1436, 1436, 1436, 66, 66, 66, 1436, 1436, 1436, 1436, 1436, 1436, 1436, 1436, 66, 66, 66, 1436, 1436, 1436, 1436, 66, 1436, 1436, 66, 1436, 1436, 1436, 693, 66, 66, 66, 1436, 1436, 1436, 1436, 1436, 1436, 1436, 1436, 1307, 66, 66, 1436, 1436, 1436, 1436, 1436, 66, 1436, 1436, 1436, 1436, 66, 1436, 1436, 1436, 1436, 1436, 1436, 1436, 225, 66, 1436, 1436, 1436, 1436, 1436, 1436, 1436, 1436, 1436, 1436, 1436, 66, 1436, 1436, 1436, 66, 66, 1436, 1436, 1436, 1436, 1436, 1436, 66, 66, 1436, 1406, 854, 66, 1436, 1436, 1436, 1436, 1436, 66, 1436, 1436, 66, 1436, 1436, 1436, 1436, 1436, 1436, 1436, 66, 1436, 1436, 66, 1436, 1436, 1436, 66, 1436, 1436, 1436, 1436, 66, 1436, 1436, 66, 1436, 1436, 1436, 839, 66, 90, 66, 66, 66, 66, 66]",258000,66,1436,959.1078066914498,269,"[78, 74, 66, 398, 66, 1436, 1436, 163, 66, 72, 124, 152, 133, 66, 66, 137, 66, 97, 66, 1139, 1436, 87, 1436, 1436, 108, 1436, 1436, 108, 1436, 1436, 1436, 129, 66, 66, 1436, 1436, 108, 1436, 1436, 1436, 1436, 1436, 1436, 192, 1436, 1436, 108, 1436, 66, 66, 1436, 1436, 66, 66, 1436, 1436, 1385, 1385, 66, 78, 66, 1436, 87, 1436, 87, 1436, 1436, 108, 66, 1436, 1436, 66, 1436, 1436, 150, 66, 66, 1436, 1436, 66, 1436, 1436, 66, 66, 77, 1436, 87, 1436, 87, 1436, 1436, 1436, 207, 1436, 1436, 1436, 1436, 1436, 1436, 348, 1436, 1436, 1436, 1436, 1436, 1436, 1436, 66, 66, 1436, 1436, 66, 66, 66, 489, 1436, 1436, 1436, 493, 1436, 1436, 1436, 207, 1436, 1436, 1436, 1436, 1436, 1436, 1436, 1436, 1436, 1436, 1436, 1436, 1436, 1436, 66, 66, 66, 1436, 1436, 1436, 1436, 1436, 1436, 1436, 1436, 66, 66, 66, 1436, 1436, 1436, 1436, 66, 1436, 1436, 66, 1436, 1436, 1436, 693, 66, 66, 66, 1436, 1436, 1436, 1436, 1436, 1436, 1436, 1436, 1307, 66, 66, 1436, 1436, 1436, 1436, 1436, 66, 1436, 1436, 1436, 1436, 66, 1436, 1436, 1436, 1436, 1436, 1436, 1436, 225, 66, 1436, 1436, 1436, 1436, 1436, 1436, 1436, 1436, 1436, 1436, 1436, 66, 1436, 1436, 1436, 66, 66, 1436, 1436, 1436, 1436, 1436, 1436, 66, 66, 1436, 1406, 854, 66, 1436, 1436, 1436, 1436, 1436, 66, 1436, 1436, 66, 1436, 1436, 1436, 1436, 1436, 1436, 1436, 66, 1436, 1436, 66, 1436, 1436, 1436, 66, 1436, 1436, 1436, 1436, 66, 1436, 1436, 66, 1436, 1436, 1436, 839, 66, 90, 66, 66, 66, 66, 66]",258000,66,1436,959.1078066914498,269,2,1,0,0.7434944237918215,4.8e-05,0.054615,0.002748169811320755,0,0,[],0,0,0,0,269,"[78, 74, 66, 398, 66, 1436, 1436, 163, 66, 72, 124, 152, 133, 66, 66, 137, 66, 97, 66, 1139, 1436, 87, 1436, 1436, 108, 1436, 1436, 108, 1436, 1436, 1436, 129, 66, 66, 1436, 1436, 108, 1436, 1436, 1436, 1436, 1436, 1436, 192, 1436, 1436, 108, 1436, 66, 66, 1436, 1436, 66, 66, 1436, 1436, 1385, 1385, 66, 78, 66, 1436, 87, 1436, 87, 1436, 1436, 108, 66, 1436, 1436, 66, 1436, 1436, 150, 66, 66, 1436, 1436, 66, 1436, 1436, 66, 66, 77, 1436, 87, 1436, 87, 1436, 1436, 1436, 207, 1436, 1436, 1436, 1436, 1436, 1436, 348, 1436, 1436, 1436, 1436, 1436, 1436, 1436, 66, 66, 1436, 1436, 66, 66, 66, 489, 1436, 1436, 1436, 493, 1436, 1436, 1436, 207, 1436, 1436, 1436, 1436, 1436, 1436, 1436, 1436, 1436, 1436, 1436, 1436, 1436, 1436, 66, 66, 66, 1436, 1436, 1436, 1436, 1436, 1436, 1436, 1436, 66, 66, 66, 1436, 1436, 1436, 1436, 66, 1436, 1436, 66, 1436, 1436, 1436, 693, 66, 66, 66, 1436, 1436, 1436, 1436, 1436, 1436, 1436, 1436, 1307, 66, 66, 1436, 1436, 1436, 1436, 1436, 66, 1436, 1436, 1436, 1436, 66, 1436, 1436, 1436, 1436, 1436, 1436, 1436, 225, 66, 1436, 1436, 1436, 1436, 1436, 1436, 1436, 1436, 1436, 1436, 1436, 66, 1436, 1436, 1436, 66, 66, 1436, 1436, 1436, 1436, 1436, 1436, 66, 66, 1436, 1406, 854, 66, 1436, 1436, 1436, 1436, 1436, 66, 1436, 1436, 66, 1436, 1436, 1436, 1436, 1436, 1436, 1436, 66, 1436, 1436, 66, 1436, 1436, 1436, 66, 1436, 1436, 1436, 1436, 66, 1436, 1436, 66, 1436, 1436, 1436, 839, 66, 90, 66, 66, 66, 66, 66]",258000,66,1436,959.1078066914498,269,0,0.0,0,{},{},0,79,0,0,0,0,False
https://www.malaysia-today.net/,b215f84f-44de-4cb9-9eff-3f44df2397ef,2025-04-09 00:30:06,"{'eth': 263, 'ip': 263, 'tcp': 263, 'tls': 163, 'DATA': 75}",263,"[78, 74, 66, 398, 398, 78, 1436, 66, 1436, 163, 66, 72, 124, 152, 133, 66, 66, 66, 66, 137, 66, 97, 66, 1139, 1436, 87, 66, 1436, 1436, 66, 66, 108, 816, 1436, 87, 1436, 1436, 108, 1436, 1436, 1436, 1436, 150, 1436, 1436, 1436, 1436, 1436, 1436, 1436, 1436, 1436, 255, 1436, 1436, 1436, 1436, 614, 66, 66, 66, 1436, 1436, 1436, 129, 1436, 87, 1436, 1436, 1436, 87, 108, 1436, 1436, 1436, 1436, 1436, 150, 1436, 108, 1436, 87, 1436, 1436, 1436, 1436, 1436, 1436, 1436, 1436, 1436, 489, 78, 78, 78, 78, 78, 78, 66, 66, 66, 66, 1195, 66, 1436, 1436, 1436, 207, 1436, 1436, 1436, 207, 1436, 1436, 1436, 1436, 1436, 833, 1436, 1436, 1436, 1436, 1436, 1436, 348, 1436, 1436, 1436, 1436, 1436, 1436, 1436, 1436, 1436, 1436, 1436, 1436, 630, 1436, 1436, 1436, 1436, 1436, 1436, 66, 66, 66, 66, 66, 66, 1436, 1436, 66, 66, 1436, 1436, 1436, 1436, 1436, 1436, 1436, 1436, 1436, 1436, 1436, 1436, 1395, 1436, 1436, 1436, 1436, 1436, 1436, 1436, 1436, 1436, 1436, 1436, 1436, 1436, 1436, 1436, 1436, 1436, 1246, 1436, 1436, 218, 66, 66, 66, 66, 66, 66, 1436, 87, 1436, 1436, 108, 1436, 1436, 1436, 1436, 1436, 1436, 1436, 1436, 1436, 1436, 1436, 1436, 1401, 1436, 78, 66, 66, 66, 1436, 1436, 1436, 1436, 1436, 1436, 1436, 1436, 1436, 1436, 1436, 1436, 1436, 1436, 1436, 1436, 1436, 1436, 1436, 1436, 1436, 1436, 1436, 550, 1436, 1436, 1436, 1436, 1436, 1436, 1436, 1436, 1436, 987, 66, 1436, 1436, 1436, 1436, 249, 66, 90, 66, 66, 66, 66]",260896,66,1436,992.0,263,"[78, 74, 66, 398, 398, 78, 1436, 66, 1436, 163, 66, 72, 124, 152, 133, 66, 66, 66, 66, 137, 66, 97, 66, 1139, 1436, 87, 66, 1436, 1436, 66, 66, 108, 816, 1436, 87, 1436, 1436, 108, 1436, 1436, 1436, 1436, 150, 1436, 1436, 1436, 1436, 1436, 1436, 1436, 1436, 1436, 255, 1436, 1436, 1436, 1436, 614, 66, 66, 66, 1436, 1436, 1436, 129, 1436, 87, 1436, 1436, 1436, 87, 108, 1436, 1436, 1436, 1436, 1436, 150, 1436, 108, 1436, 87, 1436, 1436, 1436, 1436, 1436, 1436, 1436, 1436, 1436, 489, 78, 78, 78, 78, 78, 78, 66, 66, 66, 66, 1195, 66, 1436, 1436, 1436, 207, 1436, 1436, 1436, 207, 1436, 1436, 1436, 1436, 1436, 833, 1436, 1436, 1436, 1436, 1436, 1436, 348, 1436, 1436, 1436, 1436, 1436, 1436, 1436, 1436, 1436, 1436, 1436, 1436, 630, 1436, 1436, 1436, 1436, 1436, 1436, 66, 66, 66, 66, 66, 66, 1436, 1436, 66, 66, 1436, 1436, 1436, 1436, 1436, 1436, 1436, 1436, 1436, 1436, 1436, 1436, 1395, 1436, 1436, 1436, 1436, 1436, 1436, 1436, 1436, 1436, 1436, 1436, 1436, 1436, 1436, 1436, 1436, 1436, 1246, 1436, 1436, 218, 66, 66, 66, 66, 66, 66, 1436, 87, 1436, 1436, 108, 1436, 1436, 1436, 1436, 1436, 1436, 1436, 1436, 1436, 1436, 1436, 1436, 1401, 1436, 78, 66, 66, 66, 1436, 1436, 1436, 1436, 1436, 1436, 1436, 1436, 1436, 1436, 1436, 1436, 1436, 1436, 1436, 1436, 1436, 1436, 1436, 1436, 1436, 1436, 1436, 550, 1436, 1436, 1436, 1436, 1436, 1436, 1436, 1436, 1436, 987, 66, 1436, 1436, 1436, 1436, 249, 66, 90, 66, 66, 66, 66]",260896,66,1436,992.0,263,9,4,0,3.4220532319391634,2.4e-05,0.142122,0.007877026315789473,0,0,[],0,0,0,0,263,"[78, 74, 66, 398, 398, 78, 1436, 66, 1436, 163, 66, 72, 124, 152, 133, 66, 66, 66, 66, 137, 66, 97, 66, 1139, 1436, 87, 66, 1436, 1436, 66, 66, 108, 816, 1436, 87, 1436, 1436, 108, 1436, 1436, 1436, 1436, 150, 1436, 1436, 1436, 1436, 1436, 1436, 1436, 1436, 1436, 255, 1436, 1436, 1436, 1436, 614, 66, 66, 66, 1436, 1436, 1436, 129, 1436, 87, 1436, 1436, 1436, 87, 108, 1436, 1436, 1436, 1436, 1436, 150, 1436, 108, 1436, 87, 1436, 1436, 1436, 1436, 1436, 1436, 1436, 1436, 1436, 489, 78, 78, 78, 78, 78, 78, 66, 66, 66, 66, 1195, 66, 1436, 1436, 1436, 207, 1436, 1436, 1436, 207, 1436, 1436, 1436, 1436, 1436, 833, 1436, 1436, 1436, 1436, 1436, 1436, 348, 1436, 1436, 1436, 1436, 1436, 1436, 1436, 1436, 1436, 1436, 1436, 1436, 630, 1436, 1436, 1436, 1436, 1436, 1436, 66, 66, 66, 66, 66, 66, 1436, 1436, 66, 66, 1436, 1436, 1436, 1436, 1436, 1436, 1436, 1436, 1436, 1436, 1436, 1436, 1395, 1436, 1436, 1436, 1436, 1436, 1436, 1436, 1436, 1436, 1436, 1436, 1436, 1436, 1436, 1436, 1436, 1436, 1246, 1436, 1436, 218, 66, 66, 66, 66, 66, 66, 1436, 87, 1436, 1436, 108, 1436, 1436, 1436, 1436, 1436, 1436, 1436, 1436, 1436, 1436, 1436, 1436, 1401, 1436, 78, 66, 66, 66, 1436, 1436, 1436, 1436, 1436, 1436, 1436, 1436, 1436, 1436, 1436, 1436, 1436, 1436, 1436, 1436, 1436, 1436, 1436, 1436, 1436, 1436, 1436, 550, 1436, 1436, 1436, 1436, 1436, 1436, 1436, 1436, 1436, 987, 66, 1436, 1436, 1436, 1436, 249, 66, 90, 66, 66, 66, 66]",260896,66,1436,992.0,263,0,0.0,0,{},{},0,75,0,0,0,0,False
https://www.malaysia-today.net/,cfa8fd97-9a5a-4f13-bca8-662974610112,2025-04-09 00:31:37,"{'eth': 233, 'ip': 233, 'tcp': 233, 'tls': 171, 'DATA': 79}",233,"[78, 74, 66, 398, 66, 1436, 1436, 164, 66, 72, 124, 152, 133, 66, 137, 66, 97, 66, 1139, 66, 1436, 87, 1436, 1436, 108, 816, 1436, 87, 1436, 1436, 108, 1436, 1436, 108, 1436, 87, 1436, 1436, 1436, 1436, 150, 1436, 1436, 1436, 1436, 1436, 1436, 1436, 1436, 1436, 255, 1436, 551, 551, 1436, 87, 1436, 87, 1436, 1436, 108, 1436, 1436, 1436, 1436, 150, 1436, 1436, 1436, 1436, 1436, 171, 1436, 1436, 1436, 1436, 66, 78, 66, 1436, 1436, 1436, 1436, 1436, 1436, 510, 1195, 1436, 1436, 1436, 207, 1436, 1436, 1436, 207, 1436, 1436, 1436, 1436, 1436, 1436, 348, 1436, 1436, 1436, 1436, 1436, 1436, 66, 66, 66, 66, 1436, 1436, 1436, 489, 1436, 1436, 1436, 1436, 1436, 1436, 1436, 1436, 1436, 1436, 1436, 1436, 66, 66, 66, 66, 1436, 1436, 1436, 1436, 1436, 1436, 1436, 1436, 1436, 1436, 1436, 1436, 865, 66, 66, 1436, 66, 1436, 1143, 1436, 1436, 1436, 1436, 1436, 1436, 1436, 1436, 1436, 1436, 1436, 1436, 1436, 1436, 1436, 1436, 1436, 1436, 1436, 1436, 1436, 1436, 1436, 1436, 1436, 1436, 1436, 1436, 1436, 483, 1436, 1436, 1436, 1436, 1436, 1436, 1436, 1436, 1436, 1436, 1436, 1436, 1436, 1436, 1312, 1436, 1436, 1436, 1436, 1436, 1436, 1436, 1436, 1436, 1436, 1436, 1436, 1436, 1436, 1436, 1436, 1436, 1436, 1436, 1436, 1436, 1436, 1436, 1436, 1436, 1436, 1436, 1436, 1436, 292, 66, 90, 66, 66, 66, 66, 66]",254826,66,1436,1093.6738197424893,233,"[78, 74, 66, 398, 66, 1436, 1436, 164, 66, 72, 124, 152, 133, 66, 137, 66, 97, 66, 1139, 66, 1436, 87, 1436, 1436, 108, 816, 1436, 87, 1436, 1436, 108, 1436, 1436, 108, 1436, 87, 1436, 1436, 1436, 1436, 150, 1436, 1436, 1436, 1436, 1436, 1436, 1436, 1436, 1436, 255, 1436, 551, 551, 1436, 87, 1436, 87, 1436, 1436, 108, 1436, 1436, 1436, 1436, 150, 1436, 1436, 1436, 1436, 1436, 171, 1436, 1436, 1436, 1436, 66, 78, 66, 1436, 1436, 1436, 1436, 1436, 1436, 510, 1195, 1436, 1436, 1436, 207, 1436, 1436, 1436, 207, 1436, 1436, 1436, 1436, 1436, 1436, 348, 1436, 1436, 1436, 1436, 1436, 1436, 66, 66, 66, 66, 1436, 1436, 1436, 489, 1436, 1436, 1436, 1436, 1436, 1436, 1436, 1436, 1436, 1436, 1436, 1436, 66, 66, 66, 66, 1436, 1436, 1436, 1436, 1436, 1436, 1436, 1436, 1436, 1436, 1436, 1436, 865, 66, 66, 1436, 66, 1436, 1143, 1436, 1436, 1436, 1436, 1436, 1436, 1436, 1436, 1436, 1436, 1436, 1436, 1436, 1436, 1436, 1436, 1436, 1436, 1436, 1436, 1436, 1436, 1436, 1436, 1436, 1436, 1436, 1436, 1436, 483, 1436, 1436, 1436, 1436, 1436, 1436, 1436, 1436, 1436, 1436, 1436, 1436, 1436, 1436, 1312, 1436, 1436, 1436, 1436, 1436, 1436, 1436, 1436, 1436, 1436, 1436, 1436, 1436, 1436, 1436, 1436, 1436, 1436, 1436, 1436, 1436, 1436, 1436, 1436, 1436, 1436, 1436, 1436, 1436, 292, 66, 90, 66, 66, 66, 66, 66]",254826,66,1436,1093.6738197424893,233,2,0,0,0.8583690987124464,8.1e-05,0.054577,0.005583217391304348,0,0,[],0,0,0,0,233,"[78, 74, 66, 398, 66, 1436, 1436, 164, 66, 72, 124, 152, 133, 66, 137, 66, 97, 66, 1139, 66, 1436, 87, 1436, 1436, 108, 816, 1436, 87, 1436, 1436, 108, 1436, 1436, 108, 1436, 87, 1436, 1436, 1436, 1436, 150, 1436, 1436, 1436, 1436, 1436, 1436, 1436, 1436, 1436, 255, 1436, 551, 551, 1436, 87, 1436, 87, 1436, 1436, 108, 1436, 1436, 1436, 1436, 150, 1436, 1436, 1436, 1436, 1436, 171, 1436, 1436, 1436, 1436, 66, 78, 66, 1436, 1436, 1436, 1436, 1436, 1436, 510, 1195, 1436, 1436, 1436, 207, 1436, 1436, 1436, 207, 1436, 1436, 1436, 1436, 1436, 1436, 348, 1436, 1436, 1436, 1436, 1436, 1436, 66, 66, 66, 66, 1436, 1436, 1436, 489, 1436, 1436, 1436, 1436, 1436, 1436, 1436, 1436, 1436, 1436, 1436, 1436, 66, 66, 66, 66, 1436, 1436, 1436, 1436, 1436, 1436, 1436, 1436, 1436, 1436, 1436, 1436, 865, 66, 66, 1436, 66, 1436, 1143, 1436, 1436, 1436, 1436, 1436, 1436, 1436, 1436, 1436, 1436, 1436, 1436, 1436, 1436, 1436, 1436, 1436, 1436, 1436, 1436, 1436, 1436, 1436, 1436, 1436, 1436, 1436, 1436, 1436, 483, 1436, 1436, 1436, 1436, 1436, 1436, 1436, 1436, 1436, 1436, 1436, 1436, 1436, 1436, 1312, 1436, 1436, 1436, 1436, 1436, 1436, 1436, 1436, 1436, 1436, 1436, 1436, 1436, 1436, 1436, 1436, 1436, 1436, 1436, 1436, 1436, 1436, 1436, 1436, 1436, 1436, 1436, 1436, 1436, 292, 66, 90, 66, 66, 66, 66, 66]",254826,66,1436,1093.6738197424893,233,0,0.0,0,{},{},0,79,0,0,0,0,False
https://www.malaysia-today.net/,4e3c3ed7-c25b-470f-8c84-4b5df78ef73e,2025-04-09 00:32:01,"{'eth': 238, 'ip': 238, 'tcp': 238, 'tls': 175, 'DATA': 82}",238,"[78, 74, 66, 398, 66, 1436, 1436, 66, 164, 66, 72, 124, 152, 133, 66, 137, 66, 97, 66, 1436, 87, 212, 1436, 87, 1436, 87, 1436, 1436, 108, 1436, 1436, 1436, 1436, 150, 1436, 1436, 1436, 1436, 1436, 1436, 1436, 1436, 1436, 255, 1436, 87, 1436, 1436, 1436, 1436, 1436, 1436, 816, 66, 66, 66, 66, 66, 816, 78, 1436, 87, 1436, 87, 1436, 87, 1436, 87, 1436, 1436, 108, 1436, 1436, 1436, 129, 1436, 1436, 1436, 1436, 150, 1436, 1436, 1436, 1436, 1436, 1436, 348, 1436, 1436, 1436, 66, 66, 66, 1436, 1436, 1436, 1436, 1313, 1436, 1436, 1436, 1436, 1436, 1436, 1436, 1436, 1436, 1436, 1436, 1436, 1436, 1436, 1436, 771, 1436, 1436, 1436, 1436, 1436, 1436, 1436, 1436, 1436, 1436, 1436, 972, 1436, 1436, 66, 66, 66, 1436, 1436, 1436, 1436, 1436, 1436, 1436, 1436, 1436, 1436, 1436, 1436, 1436, 1436, 1436, 1436, 1436, 1436, 1436, 1436, 1436, 1436, 1436, 1436, 66, 66, 66, 66, 1436, 1436, 1436, 1436, 1436, 1436, 1436, 1436, 1436, 1436, 730, 1436, 1436, 1436, 1436, 1021, 66, 66, 1436, 1436, 1436, 1436, 1436, 1436, 1409, 1436, 1436, 1436, 1436, 1436, 1436, 1436, 1436, 1436, 1436, 1436, 1436, 1436, 1436, 1436, 1436, 1436, 66, 66, 1436, 1436, 1436, 1436, 1436, 1436, 1436, 1436, 1436, 1436, 1436, 1436, 1436, 1436, 1436, 1436, 1436, 1436, 1436, 1436, 1436, 1436, 1436, 1436, 1436, 1436, 1436, 395, 66, 90, 66, 66, 66, 66, 66]",256792,66,1436,1078.9579831932774,238,"[78, 74, 66, 398, 66, 1436, 1436, 66, 164, 66, 72, 124, 152, 133, 66, 137, 66, 97, 66, 1436, 87, 212, 1436, 87, 1436, 87, 1436, 1436, 108, 1436, 1436, 1436, 1436, 150, 1436, 1436, 1436, 1436, 1436, 1436, 1436, 1436, 1436, 255, 1436, 87, 1436, 1436, 1436, 1436, 1436, 1436, 816, 66, 66, 66, 66, 66, 816, 78, 1436, 87, 1436, 87, 1436, 87, 1436, 87, 1436, 1436, 108, 1436, 1436, 1436, 129, 1436, 1436, 1436, 1436, 150, 1436, 1436, 1436, 1436, 1436, 1436, 348, 1436, 1436, 1436, 66, 66, 66, 1436, 1436, 1436, 1436, 1313, 1436, 1436, 1436, 1436, 1436, 1436, 1436, 1436, 1436, 1436, 1436, 1436, 1436, 1436, 1436, 771, 1436, 1436, 1436, 1436, 1436, 1436, 1436, 1436, 1436, 1436, 1436, 972, 1436, 1436, 66, 66, 66, 1436, 1436, 1436, 1436, 1436, 1436, 1436, 1436, 1436, 1436, 1436, 1436, 1436, 1436, 1436, 1436, 1436, 1436, 1436, 1436, 1436, 1436, 1436, 1436, 66, 66, 66, 66, 1436, 1436, 1436, 1436, 1436, 1436, 1436, 1436, 1436, 1436, 730, 1436, 1436, 1436, 1436, 1021, 66, 66, 1436, 1436, 1436, 1436, 1436, 1436, 1409, 1436, 1436, 1436, 1436, 1436, 1436, 1436, 1436, 1436, 1436, 1436, 1436, 1436, 1436, 1436, 1436, 1436, 66, 66, 1436, 1436, 1436, 1436, 1436, 1436, 1436, 1436, 1436, 1436, 1436, 1436, 1436, 1436, 1436, 1436, 1436, 1436, 1436, 1436, 1436, 1436, 1436, 1436, 1436, 1436, 1436, 395, 66, 90, 66, 66, 66, 66, 66]",256792,66,1436,1078.9579831932774,238,2,1,0,0.8403361344537815,4.4e-05,0.055238,0.005294384615384616,0,0,[],0,0,0,0,238,"[78, 74, 66, 398, 66, 1436, 1436, 66, 164, 66, 72, 124, 152, 133, 66, 137, 66, 97, 66, 1436, 87, 212, 1436, 87, 1436, 87, 1436, 1436, 108, 1436, 1436, 1436, 1436, 150, 1436, 1436, 1436, 1436, 1436, 1436, 1436, 1436, 1436, 255, 1436, 87, 1436, 1436, 1436, 1436, 1436, 1436, 816, 66, 66, 66, 66, 66, 816, 78, 1436, 87, 1436, 87, 1436, 87, 1436, 87, 1436, 1436, 108, 1436, 1436, 1436, 129, 1436, 1436, 1436, 1436, 150, 1436, 1436, 1436, 1436, 1436, 1436, 348, 1436, 1436, 1436, 66, 66, 66, 1436, 1436, 1436, 1436, 1313, 1436, 1436, 1436, 1436, 1436, 1436, 1436, 1436, 1436, 1436, 1436, 1436, 1436, 1436, 1436, 771, 1436, 1436, 1436, 1436, 1436, 1436, 1436, 1436, 1436, 1436, 1436, 972, 1436, 1436, 66, 66, 66, 1436, 1436, 1436, 1436, 1436, 1436, 1436, 1436, 1436, 1436, 1436, 1436, 1436, 1436, 1436, 1436, 1436, 1436, 1436, 1436, 1436, 1436, 1436, 1436, 66, 66, 66, 66, 1436, 1436, 1436, 1436, 1436, 1436, 1436, 1436, 1436, 1436, 730, 1436, 1436, 1436, 1436, 1021, 66, 66, 1436, 1436, 1436, 1436, 1436, 1436, 1409, 1436, 1436, 1436, 1436, 1436, 1436, 1436, 1436, 1436, 1436, 1436, 1436, 1436, 1436, 1436, 1436, 1436, 66, 66, 1436, 1436, 1436, 1436, 1436, 1436, 1436, 1436, 1436, 1436, 1436, 1436, 1436, 1436, 1436, 1436, 1436, 1436, 1436, 1436, 1436, 1436, 1436, 1436, 1436, 1436, 1436, 395, 66, 90, 66, 66, 66, 66, 66]",256792,66,1436,1078.9579831932774,238,0,0.0,0,{},{},0,82,0,0,0,0,False
https://www.malaysia-today.net/,00d215c5-85f7-4803-9a4e-6b803b289548,2025-04-09 00:32:37,"{'eth': 242, 'ip': 242, 'tcp': 242, 'tls': 172, 'DATA': 79}",242,"[78, 74, 66, 398, 66, 1436, 1436, 66, 164, 66, 72, 124, 152, 133, 66, 137, 66, 97, 66, 1139, 1436, 87, 1436, 1436, 108, 816, 1436, 87, 1436, 87, 1436, 1436, 108, 1436, 1436, 1436, 1436, 150, 1436, 1436, 1436, 1436, 1436, 171, 1436, 87, 1436, 1436, 1436, 1436, 1436, 1436, 66, 66, 66, 656, 66, 1436, 87, 1436, 87, 1436, 1436, 108, 1436, 1436, 1436, 1436, 150, 1436, 87, 1436, 1436, 108, 1436, 1436, 1436, 1436, 1436, 1436, 270, 1436, 1436, 1436, 1436, 1436, 1436, 1315, 228, 1436, 1436, 1436, 207, 1436, 1436, 1436, 207, 1436, 1436, 1436, 207, 1436, 66, 1436, 1436, 1436, 1436, 833, 66, 66, 66, 66, 66, 1436, 1436, 1436, 207, 1436, 1436, 1436, 1436, 1436, 1436, 1436, 1436, 1436, 489, 1436, 1436, 1436, 1436, 1436, 1436, 1436, 1436, 831, 1436, 1436, 1436, 1436, 1436, 1436, 1436, 1436, 1436, 66, 66, 66, 66, 1436, 1436, 1436, 522, 1436, 1436, 1436, 207, 1436, 1436, 1436, 1436, 1436, 1436, 348, 1436, 1436, 1436, 1436, 1436, 1436, 1436, 1436, 1436, 1436, 1436, 1436, 630, 66, 66, 66, 1436, 1436, 1436, 1436, 651, 1436, 1436, 1436, 1436, 1436, 1436, 1436, 1436, 1436, 1436, 1436, 1436, 1436, 1436, 1436, 1436, 1436, 1436, 1436, 1436, 1436, 1436, 1436, 1436, 1436, 1436, 1436, 1436, 1436, 1436, 1436, 1436, 1436, 1436, 66, 1436, 1436, 66, 1436, 1436, 1436, 357, 1436, 1436, 1436, 1436, 1436, 1436, 1436, 1436, 1368, 66, 90, 66, 66, 66, 66]",254941,66,1436,1053.4752066115702,242,"[78, 74, 66, 398, 66, 1436, 1436, 66, 164, 66, 72, 124, 152, 133, 66, 137, 66, 97, 66, 1139, 1436, 87, 1436, 1436, 108, 816, 1436, 87, 1436, 87, 1436, 1436, 108, 1436, 1436, 1436, 1436, 150, 1436, 1436, 1436, 1436, 1436, 171, 1436, 87, 1436, 1436, 1436, 1436, 1436, 1436, 66, 66, 66, 656, 66, 1436, 87, 1436, 87, 1436, 1436, 108, 1436, 1436, 1436, 1436, 150, 1436, 87, 1436, 1436, 108, 1436, 1436, 1436, 1436, 1436, 1436, 270, 1436, 1436, 1436, 1436, 1436, 1436, 1315, 228, 1436, 1436, 1436, 207, 1436, 1436, 1436, 207, 1436, 1436, 1436, 207, 1436, 66, 1436, 1436, 1436, 1436, 833, 66, 66, 66, 66, 66, 1436, 1436, 1436, 207, 1436, 1436, 1436, 1436, 1436, 1436, 1436, 1436, 1436, 489, 1436, 1436, 1436, 1436, 1436, 1436, 1436, 1436, 831, 1436, 1436, 1436, 1436, 1436, 1436, 1436, 1436, 1436, 66, 66, 66, 66, 1436, 1436, 1436, 522, 1436, 1436, 1436, 207, 1436, 1436, 1436, 1436, 1436, 1436, 348, 1436, 1436, 1436, 1436, 1436, 1436, 1436, 1436, 1436, 1436, 1436, 1436, 630, 66, 66, 66, 1436, 1436, 1436, 1436, 651, 1436, 1436, 1436, 1436, 1436, 1436, 1436, 1436, 1436, 1436, 1436, 1436, 1436, 1436, 1436, 1436, 1436, 1436, 1436, 1436, 1436, 1436, 1436, 1436, 1436, 1436, 1436, 1436, 1436, 1436, 1436, 1436, 1436, 1436, 66, 1436, 1436, 66, 1436, 1436, 1436, 357, 1436, 1436, 1436, 1436, 1436, 1436, 1436, 1436, 1368, 66, 90, 66, 66, 66, 66]",254941,66,1436,1053.4752066115702,242,0,0,0,0.0,4.7e-05,0.0559,0.005068185185185185,0,0,[],0,0,0,0,242,"[78, 74, 66, 398, 66, 1436, 1436, 66, 164, 66, 72, 124, 152, 133, 66, 137, 66, 97, 66, 1139, 1436, 87, 1436, 1436, 108, 816, 1436, 87, 1436, 87, 1436, 1436, 108, 1436, 1436, 1436, 1436, 150, 1436, 1436, 1436, 1436, 1436, 171, 1436, 87, 1436, 1436, 1436, 1436, 1436, 1436, 66, 66, 66, 656, 66, 1436, 87, 1436, 87, 1436, 1436, 108, 1436, 1436, 1436, 1436, 150, 1436, 87, 1436, 1436, 108, 1436, 1436, 1436, 1436, 1436, 1436, 270, 1436, 1436, 1436, 1436, 1436, 1436, 1315, 228, 1436, 1436, 1436, 207, 1436, 1436, 1436, 207, 1436, 1436, 1436, 207, 1436, 66, 1436, 1436, 1436, 1436, 833, 66, 66, 66, 66, 66, 1436, 1436, 1436, 207, 1436, 1436, 1436, 1436, 1436, 1436, 1436, 1436, 1436, 489, 1436, 1436, 1436, 1436, 1436, 1436, 1436, 1436, 831, 1436, 1436, 1436, 1436, 1436, 1436, 1436, 1436, 1436, 66, 66, 66, 66, 1436, 1436, 1436, 522, 1436, 1436, 1436, 207, 1436, 1436, 1436, 1436, 1436, 1436, 348, 1436, 1436, 1436, 1436, 1436, 1436, 1436, 1436, 1436, 1436, 1436, 1436, 630, 66, 66, 66, 1436, 1436, 1436, 1436, 651, 1436, 1436, 1436, 1436, 1436, 1436, 1436, 1436, 1436, 1436, 1436, 1436, 1436, 1436, 1436, 1436, 1436, 1436, 1436, 1436, 1436, 1436, 1436, 1436, 1436, 1436, 1436, 1436, 1436, 1436, 1436, 1436, 1436, 1436, 66, 1436, 1436, 66, 1436, 1436, 1436, 357, 1436, 1436, 1436, 1436, 1436, 1436, 1436, 1436, 1368, 66, 90, 66, 66, 66, 66]",254941,66,1436,1053.4752066115702,242,0,0.0,0,{},{},0,79,0,0,0,0,False
https://www.malaysia-today.net/,f43bb328-d147-489a-b478-056d11ba3e4a,2025-04-09 00:33:12,"{'eth': 242, 'ip': 242, 'tcp': 242, 'tls': 170, 'DATA': 78}",242,"[78, 74, 66, 398, 66, 1436, 1436, 66, 164, 66, 72, 124, 152, 133, 66, 137, 66, 97, 66, 1139, 1436, 87, 66, 1436, 1436, 858, 1436, 87, 1436, 1436, 108, 1436, 1436, 1436, 1436, 150, 1436, 1436, 1436, 1436, 150, 1436, 1436, 1436, 1436, 1436, 1436, 1436, 1436, 1436, 255, 530, 66, 66, 1436, 87, 1436, 87, 1436, 1436, 108, 1436, 1436, 1436, 1436, 150, 1436, 1436, 1436, 129, 1436, 1436, 1436, 1436, 1436, 1436, 1436, 1436, 1436, 411, 1436, 1436, 1436, 1336, 1436, 1436, 1436, 207, 1436, 1436, 1436, 1436, 66, 66, 66, 1436, 1436, 348, 1436, 1436, 1436, 1436, 1436, 1436, 1436, 1436, 1436, 1436, 1436, 1436, 630, 1436, 1436, 543, 122, 1436, 1436, 1436, 207, 1436, 1436, 1436, 1436, 1436, 1436, 348, 1436, 1436, 1436, 1436, 1436, 1436, 66, 1436, 1436, 66, 66, 1436, 1436, 1436, 66, 66, 1436, 630, 1436, 1436, 535, 1436, 1436, 66, 66, 1436, 1436, 66, 66, 1436, 1436, 1436, 1436, 1436, 1436, 1436, 1436, 1436, 1436, 1436, 771, 1436, 1436, 1436, 1436, 1436, 1436, 1436, 941, 66, 66, 1436, 1436, 1436, 1436, 66, 66, 1436, 1436, 1436, 1436, 66, 66, 1436, 1436, 66, 1436, 1436, 1436, 1436, 1436, 1436, 1436, 1436, 1436, 1436, 1436, 1436, 1436, 1436, 1436, 1436, 1436, 1436, 1436, 1436, 1436, 1436, 1436, 1436, 1436, 1436, 1436, 1436, 1436, 1436, 1399, 1436, 1436, 1436, 1436, 1436, 1436, 103, 1436, 1436, 1436, 1436, 271, 66, 90, 66, 66, 66, 66, 66]",254932,66,1436,1053.4380165289256,242,"[78, 74, 66, 398, 66, 1436, 1436, 66, 164, 66, 72, 124, 152, 133, 66, 137, 66, 97, 66, 1139, 1436, 87, 66, 1436, 1436, 858, 1436, 87, 1436, 1436, 108, 1436, 1436, 1436, 1436, 150, 1436, 1436, 1436, 1436, 150, 1436, 1436, 1436, 1436, 1436, 1436, 1436, 1436, 1436, 255, 530, 66, 66, 1436, 87, 1436, 87, 1436, 1436, 108, 1436, 1436, 1436, 1436, 150, 1436, 1436, 1436, 129, 1436, 1436, 1436, 1436, 1436, 1436, 1436, 1436, 1436, 411, 1436, 1436, 1436, 1336, 1436, 1436, 1436, 207, 1436, 1436, 1436, 1436, 66, 66, 66, 1436, 1436, 348, 1436, 1436, 1436, 1436, 1436, 1436, 1436, 1436, 1436, 1436, 1436, 1436, 630, 1436, 1436, 543, 122, 1436, 1436, 1436, 207, 1436, 1436, 1436, 1436, 1436, 1436, 348, 1436, 1436, 1436, 1436, 1436, 1436, 66, 1436, 1436, 66, 66, 1436, 1436, 1436, 66, 66, 1436, 630, 1436, 1436, 535, 1436, 1436, 66, 66, 1436, 1436, 66, 66, 1436, 1436, 1436, 1436, 1436, 1436, 1436, 1436, 1436, 1436, 1436, 771, 1436, 1436, 1436, 1436, 1436, 1436, 1436, 941, 66, 66, 1436, 1436, 1436, 1436, 66, 66, 1436, 1436, 1436, 1436, 66, 66, 1436, 1436, 66, 1436, 1436, 1436, 1436, 1436, 1436, 1436, 1436, 1436, 1436, 1436, 1436, 1436, 1436, 1436, 1436, 1436, 1436, 1436, 1436, 1436, 1436, 1436, 1436, 1436, 1436, 1436, 1436, 1436, 1436, 1399, 1436, 1436, 1436, 1436, 1436, 1436, 103, 1436, 1436, 1436, 1436, 271, 66, 90, 66, 66, 66, 66, 66]",254932,66,1436,1053.4380165289256,242,1,0,0,0.4132231404958678,2.8e-05,0.05362,0.004653407407407407,0,0,[],0,0,0,0,242,"[78, 74, 66, 398, 66, 1436, 1436, 66, 164, 66, 72, 124, 152, 133, 66, 137, 66, 97, 66, 1139, 1436, 87, 66, 1436, 1436, 858, 1436, 87, 1436, 1436, 108, 1436, 1436, 1436, 1436, 150, 1436, 1436, 1436, 1436, 150, 1436, 1436, 1436, 1436, 1436, 1436, 1436, 1436, 1436, 255, 530, 66, 66, 1436, 87, 1436, 87, 1436, 1436, 108, 1436, 1436, 1436, 1436, 150, 1436, 1436, 1436, 129, 1436, 1436, 1436, 1436, 1436, 1436, 1436, 1436, 1436, 411, 1436, 1436, 1436, 1336, 1436, 1436, 1436, 207, 1436, 1436, 1436, 1436, 66, 66, 66, 1436, 1436, 348, 1436, 1436, 1436, 1436, 1436, 1436, 1436, 1436, 1436, 1436, 1436, 1436, 630, 1436, 1436, 543, 122, 1436, 1436, 1436, 207, 1436, 1436, 1436, 1436, 1436, 1436, 348, 1436, 1436, 1436, 1436, 1436, 1436, 66, 1436, 1436, 66, 66, 1436, 1436, 1436, 66, 66, 1436, 630, 1436, 1436, 535, 1436, 1436, 66, 66, 1436, 1436, 66, 66, 1436, 1436, 1436, 1436, 1436, 1436, 1436, 1436, 1436, 1436, 1436, 771, 1436, 1436, 1436, 1436, 1436, 1436, 1436, 941, 66, 66, 1436, 1436, 1436, 1436, 66, 66, 1436, 1436, 1436, 1436, 66, 66, 1436, 1436, 66, 1436, 1436, 1436, 1436, 1436, 1436, 1436, 1436, 1436, 1436, 1436, 1436, 1436, 1436, 1436, 1436, 1436, 1436, 1436, 1436, 1436, 1436, 1436, 1436, 1436, 1436, 1436, 1436, 1436, 1436, 1399, 1436, 1436, 1436, 1436, 1436, 1436, 103, 1436, 1436, 1436, 1436, 271, 66, 90, 66, 66, 66, 66, 66]",254932,66,1436,1053.4380165289256,242,0,0.0,0,{},{},0,78,0,0,0,0,False
https://www.malaysia-today.net/,b5b0e95f-e661-4378-b65b-e7ddc72c16b7,2025-04-09 00:33:43,"{'eth': 252, 'ip': 252, 'tcp': 252, 'tls': 167, 'DATA': 77}",252,"[78, 74, 66, 398, 66, 1436, 1436, 163, 66, 72, 124, 152, 133, 66, 137, 66, 97, 66, 1139, 1436, 87, 1436, 87, 1436, 837, 1436, 87, 1436, 87, 1436, 1436, 108, 1436, 1436, 1436, 129, 1436, 1436, 108, 1436, 1436, 1436, 1436, 1436, 1436, 192, 1436, 1436, 1436, 1436, 1436, 635, 66, 66, 66, 66, 66, 1436, 1436, 108, 1436, 78, 1436, 1436, 87, 78, 78, 78, 1436, 1436, 150, 1436, 87, 1436, 1436, 108, 1436, 1436, 1436, 1436, 1436, 1436, 1436, 291, 1436, 1436, 1436, 1436, 1436, 1436, 348, 1195, 1436, 1436, 1436, 207, 1436, 1436, 1436, 207, 1436, 1436, 1436, 1436, 1436, 1436, 348, 1436, 1436, 1436, 1436, 1436, 1436, 348, 1436, 66, 1436, 1436, 1436, 1436, 1436, 1436, 1436, 1436, 1436, 66, 1436, 66, 66, 66, 1436, 1436, 1436, 1107, 1436, 1436, 1436, 1436, 1436, 1436, 1436, 1436, 1436, 1436, 1436, 1436, 630, 1436, 1436, 1436, 1436, 1436, 1436, 1436, 1436, 1436, 1436, 1436, 1436, 1436, 1436, 1436, 1436, 1436, 1436, 1436, 1436, 1436, 1436, 66, 66, 66, 66, 1436, 1436, 1436, 289, 66, 66, 66, 1436, 87, 1436, 87, 1436, 1436, 1436, 1436, 1436, 1436, 1436, 1436, 1436, 1436, 78, 1436, 1436, 1436, 1436, 66, 1436, 1436, 1436, 1436, 1436, 1436, 66, 66, 1436, 1436, 1436, 1436, 1436, 1436, 1436, 66, 66, 1436, 1436, 1436, 1282, 1436, 1436, 1436, 66, 1436, 1436, 66, 1436, 1436, 1436, 1436, 1436, 1436, 1436, 1436, 1436, 1436, 1436, 220, 1436, 1436, 1436, 1436, 774, 66, 90, 66, 66, 66, 66, 66]",258424,66,1436,1025.4920634920634,252,"[78, 74, 66, 398, 66, 1436, 1436, 163, 66, 72, 124, 152, 133, 66, 137, 66, 97, 66, 1139, 1436, 87, 1436, 87, 1436, 837, 1436, 87, 1436, 87, 1436, 1436, 108, 1436, 1436, 1436, 129, 1436, 1436, 108, 1436, 1436, 1436, 1436, 1436, 1436, 192, 1436, 1436, 1436, 1436, 1436, 635, 66, 66, 66, 66, 66, 1436, 1436, 108, 1436, 78, 1436, 1436, 87, 78, 78, 78, 1436, 1436, 150, 1436, 87, 1436, 1436, 108, 1436, 1436, 1436, 1436, 1436, 1436, 1436, 291, 1436, 1436, 1436, 1436, 1436, 1436, 348, 1195, 1436, 1436, 1436, 207, 1436, 1436, 1436, 207, 1436, 1436, 1436, 1436, 1436, 1436, 348, 1436, 1436, 1436, 1436, 1436, 1436, 348, 1436, 66, 1436, 1436, 1436, 1436, 1436, 1436, 1436, 1436, 1436, 66, 1436, 66, 66, 66, 1436, 1436, 1436, 1107, 1436, 1436, 1436, 1436, 1436, 1436, 1436, 1436, 1436, 1436, 1436, 1436, 630, 1436, 1436, 1436, 1436, 1436, 1436, 1436, 1436, 1436, 1436, 1436, 1436, 1436, 1436, 1436, 1436, 1436, 1436, 1436, 1436, 1436, 1436, 66, 66, 66, 66, 1436, 1436, 1436, 289, 66, 66, 66, 1436, 87, 1436, 87, 1436, 1436, 1436, 1436, 1436, 1436, 1436, 1436, 1436, 1436, 78, 1436, 1436, 1436, 1436, 66, 1436, 1436, 1436, 1436, 1436, 1436, 66, 66, 1436, 1436, 1436, 1436, 1436, 1436, 1436, 66, 66, 1436, 1436, 1436, 1282, 1436, 1436, 1436, 66, 1436, 1436, 66, 1436, 1436, 1436, 1436, 1436, 1436, 1436, 1436, 1436, 1436, 1436, 220, 1436, 1436, 1436, 1436, 774, 66, 90, 66, 66, 66, 66, 66]",258424,66,1436,1025.4920634920634,252,5,3,0,1.984126984126984,5e-05,0.05507,0.004186125,0,0,[],0,0,0,0,252,"[78, 74, 66, 398, 66, 1436, 1436, 163, 66, 72, 124, 152, 133, 66, 137, 66, 97, 66, 1139, 1436, 87, 1436, 87, 1436, 837, 1436, 87, 1436, 87, 1436, 1436, 108, 1436, 1436, 1436, 129, 1436, 1436, 108, 1436, 1436, 1436, 1436, 1436, 1436, 192, 1436, 1436, 1436, 1436, 1436, 635, 66, 66, 66, 66, 66, 1436, 1436, 108, 1436, 78, 1436, 1436, 87, 78, 78, 78, 1436, 1436, 150, 1436, 87, 1436, 1436, 108, 1436, 1436, 1436, 1436, 1436, 1436, 1436, 291, 1436, 1436, 1436, 1436, 1436, 1436, 348, 1195, 1436, 1436, 1436, 207, 1436, 1436, 1436, 207, 1436, 1436, 1436, 1436, 1436, 1436, 348, 1436, 1436, 1436, 1436, 1436, 1436, 348, 1436, 66, 1436, 1436, 1436, 1436, 1436, 1436, 1436, 1436, 1436, 66, 1436, 66, 66, 66, 1436, 1436, 1436, 1107, 1436, 1436, 1436, 1436, 1436, 1436, 1436, 1436, 1436, 1436, 1436, 1436, 630, 1436, 1436, 1436, 1436, 1436, 1436, 1436, 1436, 1436, 1436, 1436, 1436, 1436, 1436, 1436, 1436, 1436, 1436, 1436, 1436, 1436, 1436, 66, 66, 66, 66, 1436, 1436, 1436, 289, 66, 66, 66, 1436, 87, 1436, 87, 1436, 1436, 1436, 1436, 1436, 1436, 1436, 1436, 1436, 1436, 78, 1436, 1436, 1436, 1436, 66, 1436, 1436, 1436, 1436, 1436, 1436, 66, 66, 1436, 1436, 1436, 1436, 1436, 1436, 1436, 66, 66, 1436, 1436, 1436, 1282, 1436, 1436, 1436, 66, 1436, 1436, 66, 1436, 1436, 1436, 1436, 1436, 1436, 1436, 1436, 1436, 1436, 1436, 220, 1436, 1436, 1436, 1436, 774, 66, 90, 66, 66, 66, 66, 66]",258424,66,1436,1025.4920634920634,252,0,0.0,0,{},{},0,77,0,0,0,0,False
https://www.malaysia-today.net/,4cd1b492-112b-4c50-a145-f54fb0611bbf,2025-04-09 00:34:13,"{'eth': 254, 'ip': 254, 'tcp': 254, 'tls': 169, 'DATA': 78}",254,"[78, 74, 66, 398, 66, 1436, 1436, 162, 66, 72, 124, 152, 133, 66, 137, 66, 97, 66, 1436, 87, 208, 1436, 87, 1436, 87, 1436, 1436, 108, 1436, 87, 1436, 1436, 108, 1436, 1436, 108, 1436, 1436, 108, 1436, 87, 1436, 1436, 108, 1436, 1436, 108, 1436, 1436, 108, 1436, 1436, 108, 1436, 1436, 108, 1436, 87, 1399, 66, 66, 66, 66, 748, 66, 87, 1436, 1436, 1436, 108, 1436, 1436, 87, 1436, 1436, 1436, 150, 1436, 1436, 1436, 1436, 1436, 1436, 1436, 1436, 1436, 1436, 78, 78, 78, 66, 66, 66, 66, 1436, 453, 1436, 1436, 1436, 1436, 1436, 1436, 1436, 1313, 1436, 1436, 1436, 1436, 1436, 1436, 1436, 1436, 1436, 1436, 1436, 1436, 1436, 1436, 1436, 1436, 1436, 1436, 1436, 1436, 1395, 66, 66, 66, 66, 1436, 1436, 66, 66, 1436, 1436, 1436, 1436, 1436, 1436, 1436, 1436, 1436, 1436, 1436, 1436, 1436, 1436, 1436, 1436, 1436, 1436, 1436, 1436, 1436, 1436, 1436, 1436, 1436, 1436, 66, 66, 66, 66, 1436, 1436, 1436, 1436, 1436, 1436, 1436, 1436, 1436, 1436, 1436, 1436, 1436, 1436, 1012, 1436, 66, 66, 66, 1436, 1436, 1436, 317, 66, 66, 1436, 778, 1436, 1436, 1436, 1436, 1436, 1436, 1436, 1436, 1436, 1436, 1436, 1436, 1436, 1436, 1436, 1436, 1436, 1436, 1436, 1436, 1436, 1436, 66, 66, 66, 1436, 1436, 66, 66, 1436, 1436, 1436, 1436, 1436, 1436, 1436, 1436, 1436, 1436, 1436, 1436, 1436, 1436, 1436, 1436, 1436, 1181, 1436, 1436, 1436, 1436, 1436, 1436, 1436, 1436, 584, 97, 66, 90, 66, 66, 66, 66, 66]",257116,66,1436,1012.2677165354331,254,"[78, 74, 66, 398, 66, 1436, 1436, 162, 66, 72, 124, 152, 133, 66, 137, 66, 97, 66, 1436, 87, 208, 1436, 87, 1436, 87, 1436, 1436, 108, 1436, 87, 1436, 1436, 108, 1436, 1436, 108, 1436, 1436, 108, 1436, 87, 1436, 1436, 108, 1436, 1436, 108, 1436, 1436, 108, 1436, 1436, 108, 1436, 1436, 108, 1436, 87, 1399, 66, 66, 66, 66, 748, 66, 87, 1436, 1436, 1436, 108, 1436, 1436, 87, 1436, 1436, 1436, 150, 1436, 1436, 1436, 1436, 1436, 1436, 1436, 1436, 1436, 1436, 78, 78, 78, 66, 66, 66, 66, 1436, 453, 1436, 1436, 1436, 1436, 1436, 1436, 1436, 1313, 1436, 1436, 1436, 1436, 1436, 1436, 1436, 1436, 1436, 1436, 1436, 1436, 1436, 1436, 1436, 1436, 1436, 1436, 1436, 1436, 1395, 66, 66, 66, 66, 1436, 1436, 66, 66, 1436, 1436, 1436, 1436, 1436, 1436, 1436, 1436, 1436, 1436, 1436, 1436, 1436, 1436, 1436, 1436, 1436, 1436, 1436, 1436, 1436, 1436, 1436, 1436, 1436, 1436, 66, 66, 66, 66, 1436, 1436, 1436, 1436, 1436, 1436, 1436, 1436, 1436, 1436, 1436, 1436, 1436, 1436, 1012, 1436, 66, 66, 66, 1436, 1436, 1436, 317, 66, 66, 1436, 778, 1436, 1436, 1436, 1436, 1436, 1436, 1436, 1436, 1436, 1436, 1436, 1436, 1436, 1436, 1436, 1436, 1436, 1436, 1436, 1436, 1436, 1436, 66, 66, 66, 1436, 1436, 66, 66, 1436, 1436, 1436, 1436, 1436, 1436, 1436, 1436, 1436, 1436, 1436, 1436, 1436, 1436, 1436, 1436, 1436, 1181, 1436, 1436, 1436, 1436, 1436, 1436, 1436, 1436, 584, 97, 66, 90, 66, 66, 66, 66, 66]",257116,66,1436,1012.2677165354331,254,0,2,0,0.0,3.1e-05,0.054688,0.004266,0,0,[],0,0,0,0,254,"[78, 74, 66, 398, 66, 1436, 1436, 162, 66, 72, 124, 152, 133, 66, 137, 66, 97, 66, 1436, 87, 208, 1436, 87, 1436, 87, 1436, 1436, 108, 1436, 87, 1436, 1436, 108, 1436, 1436, 108, 1436, 1436, 108, 1436, 87, 1436, 1436, 108, 1436, 1436, 108, 1436, 1436, 108, 1436, 1436, 108, 1436, 1436, 108, 1436, 87, 1399, 66, 66, 66, 66, 748, 66, 87, 1436, 1436, 1436, 108, 1436, 1436, 87, 1436, 1436, 1436, 150, 1436, 1436, 1436, 1436, 1436, 1436, 1436, 1436, 1436, 1436, 78, 78, 78, 66, 66, 66, 66, 1436, 453, 1436, 1436, 1436, 1436, 1436, 1436, 1436, 1313, 1436, 1436, 1436, 1436, 1436, 1436, 1436, 1436, 1436, 1436, 1436, 1436, 1436, 1436, 1436, 1436, 1436, 1436, 1436, 1436, 1395, 66, 66, 66, 66, 1436, 1436, 66, 66, 1436, 1436, 1436, 1436, 1436, 1436, 1436, 1436, 1436, 1436, 1436, 1436, 1436, 1436, 1436, 1436, 1436, 1436, 1436, 1436, 1436, 1436, 1436, 1436, 1436, 1436, 66, 66, 66, 66, 1436, 1436, 1436, 1436, 1436, 1436, 1436, 1436, 1436, 1436, 1436, 1436, 1436, 1436, 1012, 1436, 66, 66, 66, 1436, 1436, 1436, 317, 66, 66, 1436, 778, 1436, 1436, 1436, 1436, 1436, 1436, 1436, 1436, 1436, 1436, 1436, 1436, 1436, 1436, 1436, 1436, 1436, 1436, 1436, 1436, 1436, 1436, 66, 66, 66, 1436, 1436, 66, 66, 1436, 1436, 1436, 1436, 1436, 1436, 1436, 1436, 1436, 1436, 1436, 1436, 1436, 1436, 1436, 1436, 1436, 1181, 1436, 1436, 1436, 1436, 1436, 1436, 1436, 1436, 584, 97, 66, 90, 66, 66, 66, 66, 66]",257116,66,1436,1012.2677165354331,254,0,0.0,0,{},{},0,78,0,0,0,0,False
https://www.malaysia-today.net/,6acee30e-097b-44a5-a83d-1a3c801bf5f5,2025-04-09 00:34:54,"{'eth': 248, 'ip': 248, 'tcp': 248, 'tls': 171, 'DATA': 80}",248,"[78, 74, 66, 398, 66, 1436, 1436, 66, 163, 66, 72, 124, 152, 133, 66, 137, 66, 97, 66, 1139, 1436, 87, 1436, 1436, 108, 1436, 1436, 1436, 1436, 842, 1436, 1436, 1436, 1436, 1436, 1436, 1436, 1436, 1436, 255, 1436, 1436, 1436, 1436, 1436, 1436, 192, 1436, 609, 66, 66, 66, 66, 1436, 87, 1436, 1436, 108, 1436, 1436, 1436, 1436, 150, 1436, 1436, 1436, 1436, 1436, 1436, 1436, 1436, 1436, 1436, 354, 1436, 1436, 1436, 1436, 1436, 1436, 1436, 66, 66, 66, 107, 1436, 1436, 1436, 207, 1436, 1436, 1436, 1436, 1436, 1436, 348, 1436, 1436, 1436, 66, 66, 66, 1436, 1436, 1436, 1436, 1436, 1436, 1436, 1436, 1436, 630, 1436, 1436, 1436, 1436, 1436, 1436, 1436, 1436, 1436, 1436, 1436, 1436, 1436, 1436, 1436, 1436, 1436, 1436, 1436, 1436, 1436, 1436, 1436, 1436, 152, 1436, 1436, 1436, 1436, 1436, 66, 66, 66, 1436, 1436, 1436, 66, 66, 66, 1436, 1436, 66, 66, 1436, 1436, 1436, 1436, 1436, 1436, 1436, 1436, 1436, 1436, 1436, 1436, 1436, 1436, 1436, 233, 66, 66, 66, 1436, 1436, 1436, 66, 66, 613, 66, 1436, 1436, 66, 1436, 1436, 1436, 1436, 1436, 1436, 1436, 1436, 66, 1436, 1436, 1436, 1436, 66, 1436, 1436, 1436, 1436, 66, 1436, 1436, 1436, 1436, 1436, 1436, 498, 66, 1436, 1436, 66, 1436, 1436, 1436, 1436, 1436, 1436, 66, 1436, 1436, 1436, 1436, 66, 508, 1436, 1436, 1436, 1436, 1436, 1436, 1385, 66, 1436, 1436, 1436, 1436, 66, 838, 66, 90, 66, 66, 66, 66, 66]",255318,66,1436,1029.508064516129,248,"[78, 74, 66, 398, 66, 1436, 1436, 66, 163, 66, 72, 124, 152, 133, 66, 137, 66, 97, 66, 1139, 1436, 87, 1436, 1436, 108, 1436, 1436, 1436, 1436, 842, 1436, 1436, 1436, 1436, 1436, 1436, 1436, 1436, 1436, 255, 1436, 1436, 1436, 1436, 1436, 1436, 192, 1436, 609, 66, 66, 66, 66, 1436, 87, 1436, 1436, 108, 1436, 1436, 1436, 1436, 150, 1436, 1436, 1436, 1436, 1436, 1436, 1436, 1436, 1436, 1436, 354, 1436, 1436, 1436, 1436, 1436, 1436, 1436, 66, 66, 66, 107, 1436, 1436, 1436, 207, 1436, 1436, 1436, 1436, 1436, 1436, 348, 1436, 1436, 1436, 66, 66, 66, 1436, 1436, 1436, 1436, 1436, 1436, 1436, 1436, 1436, 630, 1436, 1436, 1436, 1436, 1436, 1436, 1436, 1436, 1436, 1436, 1436, 1436, 1436, 1436, 1436, 1436, 1436, 1436, 1436, 1436, 1436, 1436, 1436, 1436, 152, 1436, 1436, 1436, 1436, 1436, 66, 66, 66, 1436, 1436, 1436, 66, 66, 66, 1436, 1436, 66, 66, 1436, 1436, 1436, 1436, 1436, 1436, 1436, 1436, 1436, 1436, 1436, 1436, 1436, 1436, 1436, 233, 66, 66, 66, 1436, 1436, 1436, 66, 66, 613, 66, 1436, 1436, 66, 1436, 1436, 1436, 1436, 1436, 1436, 1436, 1436, 66, 1436, 1436, 1436, 1436, 66, 1436, 1436, 1436, 1436, 66, 1436, 1436, 1436, 1436, 1436, 1436, 498, 66, 1436, 1436, 66, 1436, 1436, 1436, 1436, 1436, 1436, 66, 1436, 1436, 1436, 1436, 66, 508, 1436, 1436, 1436, 1436, 1436, 1436, 1385, 66, 1436, 1436, 1436, 1436, 66, 838, 66, 90, 66, 66, 66, 66, 66]",255318,66,1436,1029.508064516129,248,1,0,0,0.4032258064516129,4.6e-05,0.054759,0.0033596315789473684,0,0,[],0,0,0,0,248,"[78, 74, 66, 398, 66, 1436, 1436, 66, 163, 66, 72, 124, 152, 133, 66, 137, 66, 97, 66, 1139, 1436, 87, 1436, 1436, 108, 1436, 1436, 1436, 1436, 842, 1436, 1436, 1436, 1436, 1436, 1436, 1436, 1436, 1436, 255, 1436, 1436, 1436, 1436, 1436, 1436, 192, 1436, 609, 66, 66, 66, 66, 1436, 87, 1436, 1436, 108, 1436, 1436, 1436, 1436, 150, 1436, 1436, 1436, 1436, 1436, 1436, 1436, 1436, 1436, 1436, 354, 1436, 1436, 1436, 1436, 1436, 1436, 1436, 66, 66, 66, 107, 1436, 1436, 1436, 207, 1436, 1436, 1436, 1436, 1436, 1436, 348, 1436, 1436, 1436, 66, 66, 66, 1436, 1436, 1436, 1436, 1436, 1436, 1436, 1436, 1436, 630, 1436, 1436, 1436, 1436, 1436, 1436, 1436, 1436, 1436, 1436, 1436, 1436, 1436, 1436, 1436, 1436, 1436, 1436, 1436, 1436, 1436, 1436, 1436, 1436, 152, 1436, 1436, 1436, 1436, 1436, 66, 66, 66, 1436, 1436, 1436, 66, 66, 66, 1436, 1436, 66, 66, 1436, 1436, 1436, 1436, 1436, 1436, 1436, 1436, 1436, 1436, 1436, 1436, 1436, 1436, 1436, 233, 66, 66, 66, 1436, 1436, 1436, 66, 66, 613, 66, 1436, 1436, 66, 1436, 1436, 1436, 1436, 1436, 1436, 1436, 1436, 66, 1436, 1436, 1436, 1436, 66, 1436, 1436, 1436, 1436, 66, 1436, 1436, 1436, 1436, 1436, 1436, 498, 66, 1436, 1436, 66, 1436, 1436, 1436, 1436, 1436, 1436, 66, 1436, 1436, 1436, 1436, 66, 508, 1436, 1436, 1436, 1436, 1436, 1436, 1385, 66, 1436, 1436, 1436, 1436, 66, 838, 66, 90, 66, 66, 66, 66, 66]",255318,66,1436,1029.508064516129,248,0,0.0,0,{},{},0,80,0,0,0,0,False
