website,id,date,layer_counts,all_packet_count,all_packet_sizes,all_packet_total_size,all_packet_min_size,all_packet_max_size,all_packet_average_size,tcp_packet_count,tcp_packet_sizes,tcp_packet_total_size,tcp_packet_min_size,tcp_packet_max_size,tcp_packet_average_size,tcp_count,tcp_retransmissions,tcp_duplicate_acks,tcp_fast_retransmissions,tcp_retransmission_percentage,tcp_min_rtt,tcp_max_rtt,tcp_avg_rtt,udp_count,udp_packet_count,udp_packet_sizes,udp_packet_total_size,udp_packet_min_size,udp_packet_max_size,udp_packet_average_size,rtp_count,dns_count,dns_incomplete_transactions,ip_packet_count,ip_packet_sizes,ip_packet_total_size,ip_packet_min_size,ip_packet_max_size,ip_packet_average_size,ip_count,ip_fragmented,ip_fragmentation_percentage,dns_query_types,dns_response_codes,data_count,data_total_payload_size,data_min_payload_size,data_max_payload_size,data_avg_payload_size,param_dpyproxy
https://time.com/tag/time-region-asia/,2c2158f3-74cc-4f75-8698-7618fe836ba3,2025-04-08 22:40:54,"{'eth': 223, 'ip': 222, 'udp': 65, 'DATA': 111, 'tcp': 157, 'tls': 110, 'arp': 1}",223,"[71, 68, 71, 68, 71, 68, 71, 68, 71, 68, 71, 68, 71, 68, 78, 74, 66, 384, 66, 1436, 1436, 66, 359, 66, 72, 124, 152, 139, 66, 66, 66, 66, 131, 66, 97, 66, 406, 66, 1436, 1436, 1436, 1436, 1436, 66, 1436, 1436, 1436, 1436, 1436, 1436, 66, 1436, 1436, 1436, 66, 1436, 1436, 66, 66, 1436, 1436, 1436, 66, 66, 1436, 1436, 1436, 1436, 66, 66, 66, 1436, 1436, 1436, 1436, 1436, 1436, 66, 66, 1436, 1436, 1436, 1436, 1436, 66, 66, 1436, 1436, 1436, 1436, 66, 66, 1436, 1436, 1436, 1436, 66, 66, 66, 1436, 1436, 66, 66, 1436, 1436, 1436, 66, 1436, 1436, 1436, 66, 66, 66, 1436, 1436, 1436, 1436, 66, 1436, 1436, 66, 66, 1436, 1436, 66, 1436, 1436, 66, 66, 66, 1436, 1436, 1436, 1436, 66, 66, 1436, 1436, 1436, 66, 66, 1436, 1436, 1436, 1436, 1436, 1177, 66, 66, 90, 66, 66, 90, 54, 66, 54, 66, 54, 56, 54, 66, 92, 66, 96, 66, 71, 68, 124, 124, 76, 71, 68, 71, 68, 71, 68, 121, 75, 71, 68, 71, 68, 71, 68, 123, 75, 71, 68, 71, 68, 71, 68, 71, 68, 71, 68, 71, 68, 476, 75, 109, 66, 106, 66, 71, 68, 71, 68, 71, 68, 71, 68, 71, 68, 122, 75, 71, 68, 295, 273, 66, 71, 68]",119993,54,1436,538.0852017937219,157,"[78, 74, 66, 384, 66, 1436, 1436, 66, 359, 66, 72, 124, 152, 139, 66, 66, 66, 66, 131, 66, 97, 66, 406, 66, 1436, 1436, 1436, 1436, 1436, 66, 1436, 1436, 1436, 1436, 1436, 1436, 66, 1436, 1436, 1436, 66, 1436, 1436, 66, 66, 1436, 1436, 1436, 66, 66, 1436, 1436, 1436, 1436, 66, 66, 66, 1436, 1436, 1436, 1436, 1436, 1436, 66, 66, 1436, 1436, 1436, 1436, 1436, 66, 66, 1436, 1436, 1436, 1436, 66, 66, 1436, 1436, 1436, 1436, 66, 66, 66, 1436, 1436, 66, 66, 1436, 1436, 1436, 66, 1436, 1436, 1436, 66, 66, 66, 1436, 1436, 1436, 1436, 66, 1436, 1436, 66, 66, 1436, 1436, 66, 1436, 1436, 66, 66, 66, 1436, 1436, 1436, 1436, 66, 66, 1436, 1436, 1436, 66, 66, 1436, 1436, 1436, 1436, 1436, 1177, 66, 66, 90, 66, 66, 90, 54, 66, 54, 66, 54, 54, 66, 92, 66, 96, 66, 109, 66, 106, 66, 295, 273, 66]",114718,54,1436,730.687898089172,157,0,0,0,0.0,4.2e-05,0.014883,0.003964951219512195,65,65,"[71, 68, 71, 68, 71, 68, 71, 68, 71, 68, 71, 68, 71, 68, 71, 68, 124, 124, 76, 71, 68, 71, 68, 71, 68, 121, 75, 71, 68, 71, 68, 71, 68, 123, 75, 71, 68, 71, 68, 71, 68, 71, 68, 71, 68, 71, 68, 476, 75, 71, 68, 71, 68, 71, 68, 71, 68, 71, 68, 122, 75, 71, 68, 71, 68]",5219,68,476,80.29230769230769,0,0,0,222,"[71, 68, 71, 68, 71, 68, 71, 68, 71, 68, 71, 68, 71, 68, 78, 74, 66, 384, 66, 1436, 1436, 66, 359, 66, 72, 124, 152, 139, 66, 66, 66, 66, 131, 66, 97, 66, 406, 66, 1436, 1436, 1436, 1436, 1436, 66, 1436, 1436, 1436, 1436, 1436, 1436, 66, 1436, 1436, 1436, 66, 1436, 1436, 66, 66, 1436, 1436, 1436, 66, 66, 1436, 1436, 1436, 1436, 66, 66, 66, 1436, 1436, 1436, 1436, 1436, 1436, 66, 66, 1436, 1436, 1436, 1436, 1436, 66, 66, 1436, 1436, 1436, 1436, 66, 66, 1436, 1436, 1436, 1436, 66, 66, 66, 1436, 1436, 66, 66, 1436, 1436, 1436, 66, 1436, 1436, 1436, 66, 66, 66, 1436, 1436, 1436, 1436, 66, 1436, 1436, 66, 66, 1436, 1436, 66, 1436, 1436, 66, 66, 66, 1436, 1436, 1436, 1436, 66, 66, 1436, 1436, 1436, 66, 66, 1436, 1436, 1436, 1436, 1436, 1177, 66, 66, 90, 66, 66, 90, 54, 66, 54, 66, 54, 54, 66, 92, 66, 96, 66, 71, 68, 124, 124, 76, 71, 68, 71, 68, 71, 68, 121, 75, 71, 68, 71, 68, 71, 68, 123, 75, 71, 68, 71, 68, 71, 68, 71, 68, 71, 68, 71, 68, 476, 75, 109, 66, 106, 66, 71, 68, 71, 68, 71, 68, 71, 68, 71, 68, 122, 75, 71, 68, 295, 273, 66, 71, 68]",119937,54,1436,540.2567567567568,222,0,0.0,{},{},111,2489,26,434,38.292307692307695,False
https://time.com/tag/time-region-asia/,875e2b8b-1f37-4097-a52c-a902c98d3a93,2025-04-08 22:41:15,"{'eth': 251, 'ip': 250, 'udp': 91, 'DATA': 105, 'dns': 5, 'arp': 1, 'tcp': 159, 'tls': 57}",251,"[71, 68, 71, 68, 71, 68, 78, 202, 71, 68, 56, 71, 68, 90, 66, 94, 66, 71, 68, 71, 68, 71, 68, 75, 78, 74, 66, 384, 66, 1436, 1436, 66, 359, 66, 72, 124, 152, 139, 66, 66, 66, 66, 131, 66, 97, 66, 406, 1436, 1436, 1436, 1436, 1436, 66, 66, 1436, 1436, 1436, 1436, 1436, 66, 66, 1436, 1436, 1436, 1436, 66, 1436, 1436, 66, 66, 66, 1436, 1436, 66, 66, 1436, 66, 1436, 1436, 1436, 1436, 1436, 1436, 1436, 1436, 1436, 66, 66, 1436, 66, 1436, 1436, 66, 66, 1436, 66, 1436, 1436, 1436, 66, 66, 1436, 1436, 1436, 66, 66, 1436, 1436, 1436, 1436, 1436, 1436, 1436, 1436, 1436, 66, 1436, 1436, 1436, 66, 66, 66, 1436, 1436, 1436, 66, 66, 1436, 1436, 1436, 1436, 66, 66, 1436, 1436, 1436, 66, 1436, 1436, 66, 66, 66, 1436, 1436, 1436, 66, 66, 1436, 1436, 1436, 66, 66, 1436, 1436, 1436, 1436, 66, 66, 587, 66, 90, 66, 66, 90, 54, 66, 54, 66, 54, 71, 68, 75, 124, 75, 71, 68, 71, 68, 71, 68, 121, 75, 71, 68, 71, 68, 80, 75, 71, 68, 896, 123, 75, 66, 71, 68, 71, 128, 66, 68, 71, 68, 71, 68, 71, 68, 71, 68, 71, 68, 75, 71, 68, 71, 68, 71, 68, 71, 68, 98, 66, 94, 66, 71, 68, 71, 68, 71, 68, 476, 75, 476, 76, 1138, 66, 71, 68, 71, 68, 71, 68, 71, 68, 71, 68, 71, 68, 123, 75, 71, 68]",123387,54,1436,491.5816733067729,159,"[90, 66, 94, 66, 78, 74, 66, 384, 66, 1436, 1436, 66, 359, 66, 72, 124, 152, 139, 66, 66, 66, 66, 131, 66, 97, 66, 406, 1436, 1436, 1436, 1436, 1436, 66, 66, 1436, 1436, 1436, 1436, 1436, 66, 66, 1436, 1436, 1436, 1436, 66, 1436, 1436, 66, 66, 66, 1436, 1436, 66, 66, 1436, 66, 1436, 1436, 1436, 1436, 1436, 1436, 1436, 1436, 1436, 66, 66, 1436, 66, 1436, 1436, 66, 66, 1436, 66, 1436, 1436, 1436, 66, 66, 1436, 1436, 1436, 66, 66, 1436, 1436, 1436, 1436, 1436, 1436, 1436, 1436, 1436, 66, 1436, 1436, 1436, 66, 66, 66, 1436, 1436, 1436, 66, 66, 1436, 1436, 1436, 1436, 66, 66, 1436, 1436, 1436, 66, 1436, 1436, 66, 66, 66, 1436, 1436, 1436, 66, 66, 1436, 1436, 1436, 66, 66, 1436, 1436, 1436, 1436, 66, 66, 587, 66, 90, 66, 66, 90, 54, 66, 54, 66, 54, 896, 66, 128, 66, 98, 66, 94, 66, 1138, 66]",115773,54,1436,728.1320754716982,159,0,0,0,0.0,4.6e-05,0.063866,0.006017931818181818,91,91,"[71, 68, 71, 68, 71, 68, 78, 202, 71, 68, 71, 68, 71, 68, 71, 68, 71, 68, 75, 71, 68, 75, 124, 75, 71, 68, 71, 68, 71, 68, 121, 75, 71, 68, 71, 68, 80, 75, 71, 68, 123, 75, 71, 68, 71, 68, 71, 68, 71, 68, 71, 68, 71, 68, 71, 68, 75, 71, 68, 71, 68, 71, 68, 71, 68, 71, 68, 71, 68, 71, 68, 476, 75, 476, 76, 71, 68, 71, 68, 71, 68, 71, 68, 71, 68, 71, 68, 123, 75, 71, 68]",7558,68,476,83.05494505494505,0,5,0,250,"[71, 68, 71, 68, 71, 68, 78, 202, 71, 68, 71, 68, 90, 66, 94, 66, 71, 68, 71, 68, 71, 68, 75, 78, 74, 66, 384, 66, 1436, 1436, 66, 359, 66, 72, 124, 152, 139, 66, 66, 66, 66, 131, 66, 97, 66, 406, 1436, 1436, 1436, 1436, 1436, 66, 66, 1436, 1436, 1436, 1436, 1436, 66, 66, 1436, 1436, 1436, 1436, 66, 1436, 1436, 66, 66, 66, 1436, 1436, 66, 66, 1436, 66, 1436, 1436, 1436, 1436, 1436, 1436, 1436, 1436, 1436, 66, 66, 1436, 66, 1436, 1436, 66, 66, 1436, 66, 1436, 1436, 1436, 66, 66, 1436, 1436, 1436, 66, 66, 1436, 1436, 1436, 1436, 1436, 1436, 1436, 1436, 1436, 66, 1436, 1436, 1436, 66, 66, 66, 1436, 1436, 1436, 66, 66, 1436, 1436, 1436, 1436, 66, 66, 1436, 1436, 1436, 66, 1436, 1436, 66, 66, 66, 1436, 1436, 1436, 66, 66, 1436, 1436, 1436, 66, 66, 1436, 1436, 1436, 1436, 66, 66, 587, 66, 90, 66, 66, 90, 54, 66, 54, 66, 54, 71, 68, 75, 124, 75, 71, 68, 71, 68, 71, 68, 121, 75, 71, 68, 71, 68, 80, 75, 71, 68, 896, 123, 75, 66, 71, 68, 71, 128, 66, 68, 71, 68, 71, 68, 71, 68, 71, 68, 71, 68, 75, 71, 68, 71, 68, 71, 68, 71, 68, 98, 66, 94, 66, 71, 68, 71, 68, 71, 68, 476, 75, 476, 76, 1138, 66, 71, 68, 71, 68, 71, 68, 71, 68, 71, 68, 71, 68, 123, 75, 71, 68]",123331,54,1436,493.324,250,0,0.0,{'65': 5},{},105,3441,26,434,40.01162790697674,False
https://time.com/tag/time-region-asia/,c52fb48c-81c4-441f-89b7-a97d7648e22e,2025-04-08 22:41:35,"{'eth': 468, 'ip': 468, 'udp': 240, 'DATA': 143, 'tcp': 228, 'tls': 107, 'dns': 28, 'quic': 111}",468,"[86, 494, 75, 71, 68, 71, 68, 71, 68, 71, 68, 71, 68, 71, 68, 78, 74, 66, 384, 66, 1436, 1436, 66, 359, 66, 72, 124, 152, 139, 66, 66, 66, 131, 66, 97, 66, 66, 71, 1436, 1436, 1436, 1436, 1436, 66, 66, 1436, 1436, 1436, 1436, 1436, 1436, 66, 66, 1436, 1436, 1436, 66, 1436, 66, 66, 1436, 1436, 1436, 1436, 1436, 66, 66, 1436, 66, 1436, 1436, 66, 66, 1436, 66, 1436, 1436, 1436, 1436, 1436, 66, 66, 1436, 66, 68, 1436, 1436, 1436, 1436, 1436, 1436, 1436, 66, 66, 66, 1436, 1436, 66, 66, 1436, 1436, 1436, 66, 66, 1436, 1436, 1436, 66, 66, 1436, 1436, 66, 66, 1436, 1436, 1436, 66, 66, 1436, 1436, 66, 66, 1436, 1436, 1436, 66, 66, 1436, 1436, 1436, 66, 66, 1436, 1436, 1436, 66, 1436, 66, 1436, 1436, 66, 66, 66, 1436, 1436, 1436, 66, 66, 1436, 1436, 1436, 66, 1436, 1436, 66, 66, 66, 1072, 66, 90, 66, 66, 90, 54, 66, 54, 66, 54, 71, 68, 71, 68, 124, 75, 71, 68, 87, 87, 89, 89, 71, 341, 318, 105, 149, 68, 1292, 1292, 1292, 118, 136, 223, 78, 71, 82, 82, 1292, 1292, 1292, 348, 986, 93, 1292, 73, 1288, 1292, 321, 74, 66, 366, 68, 168, 67, 69, 71, 73, 66, 1436, 744, 1436, 977, 66, 66, 192, 186, 66, 159, 423, 104, 66, 104, 66, 391, 66, 1288, 548, 79, 77, 71, 68, 74, 66, 121, 75, 71, 94, 94, 198, 261, 68, 85, 164, 78, 74, 66, 583, 66, 1436, 1436, 1422, 66, 66, 1436, 66, 1436, 158, 66, 146, 370, 369, 369, 66, 899, 66, 123, 75, 1292, 1292, 82, 1292, 1292, 211, 1167, 560, 163, 74, 69, 71, 68, 74, 370, 78, 66, 71, 68, 71, 68, 71, 68, 71, 68, 71, 68, 71, 68, 455, 1029, 179, 72, 75, 1285, 190, 73, 74, 75, 69, 74, 79, 749, 239, 1054, 65, 79, 82, 82, 1007, 65, 82, 80, 95, 129, 169, 75, 718, 210, 75, 688, 178, 75, 68, 78, 82, 183, 248, 1292, 1292, 1292, 121, 75, 75, 74, 66, 1436, 645, 1292, 1292, 68, 82, 82, 1292, 1292, 675, 288, 1292, 351, 983, 76, 120, 73, 66, 1436, 1288, 1292, 374, 956, 378, 956, 378, 956, 66, 378, 956, 378, 436, 82, 1436, 66, 625, 66, 1292, 1292, 130, 158, 898, 291, 204, 583, 168, 71, 73, 66, 245, 66, 67, 137, 66, 97, 280, 97, 66, 68, 329, 106, 63, 112, 74, 73, 207, 217, 64, 77, 74, 66, 66, 71, 68, 71, 71, 68, 98, 66, 66, 1288, 815, 1288, 1292, 1292, 77, 73, 576, 94, 66, 73, 66, 54, 54, 66, 66, 476, 75, 71, 68, 71, 68, 80, 75, 71, 68, 71, 68, 71, 417, 68, 233, 64, 77, 71, 68]",219000,54,1436,467.94871794871796,228,"[78, 74, 66, 384, 66, 1436, 1436, 66, 359, 66, 72, 124, 152, 139, 66, 66, 66, 131, 66, 97, 66, 66, 1436, 1436, 1436, 1436, 1436, 66, 66, 1436, 1436, 1436, 1436, 1436, 1436, 66, 66, 1436, 1436, 1436, 66, 1436, 66, 66, 1436, 1436, 1436, 1436, 1436, 66, 66, 1436, 66, 1436, 1436, 66, 66, 1436, 66, 1436, 1436, 1436, 1436, 1436, 66, 66, 1436, 66, 1436, 1436, 1436, 1436, 1436, 1436, 1436, 66, 66, 66, 1436, 1436, 66, 66, 1436, 1436, 1436, 66, 66, 1436, 1436, 1436, 66, 66, 1436, 1436, 66, 66, 1436, 1436, 1436, 66, 66, 1436, 1436, 66, 66, 1436, 1436, 1436, 66, 66, 1436, 1436, 1436, 66, 66, 1436, 1436, 1436, 66, 1436, 66, 1436, 1436, 66, 66, 66, 1436, 1436, 1436, 66, 66, 1436, 1436, 1436, 66, 1436, 1436, 66, 66, 66, 1072, 66, 90, 66, 66, 90, 54, 66, 54, 66, 54, 78, 74, 66, 366, 66, 1436, 744, 1436, 977, 66, 66, 192, 186, 66, 159, 423, 104, 66, 104, 66, 391, 66, 78, 74, 66, 583, 66, 1436, 1436, 1422, 66, 66, 1436, 66, 1436, 158, 66, 146, 370, 369, 369, 66, 899, 66, 78, 74, 66, 1436, 645, 66, 1436, 66, 1436, 66, 625, 66, 130, 158, 898, 66, 245, 66, 137, 66, 97, 280, 97, 66, 66, 98, 66, 94, 66, 54, 54, 66, 66]",140248,54,1436,615.1228070175439,228,0,0,0,0.0,2.6e-05,0.05798,0.00477272602739726,240,240,"[86, 494, 75, 71, 68, 71, 68, 71, 68, 71, 68, 71, 68, 71, 68, 71, 68, 71, 68, 71, 68, 124, 75, 71, 68, 87, 87, 89, 89, 71, 341, 318, 105, 149, 68, 1292, 1292, 1292, 118, 136, 223, 71, 82, 82, 1292, 1292, 1292, 348, 986, 93, 1292, 73, 1288, 1292, 321, 68, 168, 67, 69, 71, 73, 1288, 548, 79, 77, 71, 68, 74, 66, 121, 75, 71, 94, 94, 198, 261, 68, 85, 164, 123, 75, 1292, 1292, 82, 1292, 1292, 211, 1167, 560, 163, 74, 69, 71, 68, 74, 370, 78, 66, 71, 68, 71, 68, 71, 68, 71, 68, 71, 68, 71, 68, 455, 1029, 179, 72, 75, 1285, 190, 73, 74, 75, 69, 74, 79, 749, 239, 1054, 65, 79, 82, 82, 1007, 65, 82, 80, 95, 129, 169, 75, 718, 210, 75, 688, 178, 75, 68, 82, 183, 248, 1292, 1292, 1292, 121, 75, 75, 1292, 1292, 68, 82, 82, 1292, 1292, 675, 288, 1292, 351, 983, 76, 120, 73, 1288, 1292, 374, 956, 378, 956, 378, 956, 378, 956, 378, 436, 82, 1292, 1292, 291, 204, 583, 168, 71, 73, 67, 68, 329, 106, 63, 112, 74, 73, 207, 217, 64, 77, 74, 66, 71, 68, 71, 71, 68, 66, 1288, 815, 1288, 1292, 1292, 77, 73, 576, 73, 66, 476, 75, 71, 68, 71, 68, 80, 75, 71, 68, 71, 68, 71, 417, 68, 233, 64, 77, 71, 68]",78752,63,1292,328.1333333333333,0,28,0,468,"[86, 494, 75, 71, 68, 71, 68, 71, 68, 71, 68, 71, 68, 71, 68, 78, 74, 66, 384, 66, 1436, 1436, 66, 359, 66, 72, 124, 152, 139, 66, 66, 66, 131, 66, 97, 66, 66, 71, 1436, 1436, 1436, 1436, 1436, 66, 66, 1436, 1436, 1436, 1436, 1436, 1436, 66, 66, 1436, 1436, 1436, 66, 1436, 66, 66, 1436, 1436, 1436, 1436, 1436, 66, 66, 1436, 66, 1436, 1436, 66, 66, 1436, 66, 1436, 1436, 1436, 1436, 1436, 66, 66, 1436, 66, 68, 1436, 1436, 1436, 1436, 1436, 1436, 1436, 66, 66, 66, 1436, 1436, 66, 66, 1436, 1436, 1436, 66, 66, 1436, 1436, 1436, 66, 66, 1436, 1436, 66, 66, 1436, 1436, 1436, 66, 66, 1436, 1436, 66, 66, 1436, 1436, 1436, 66, 66, 1436, 1436, 1436, 66, 66, 1436, 1436, 1436, 66, 1436, 66, 1436, 1436, 66, 66, 66, 1436, 1436, 1436, 66, 66, 1436, 1436, 1436, 66, 1436, 1436, 66, 66, 66, 1072, 66, 90, 66, 66, 90, 54, 66, 54, 66, 54, 71, 68, 71, 68, 124, 75, 71, 68, 87, 87, 89, 89, 71, 341, 318, 105, 149, 68, 1292, 1292, 1292, 118, 136, 223, 78, 71, 82, 82, 1292, 1292, 1292, 348, 986, 93, 1292, 73, 1288, 1292, 321, 74, 66, 366, 68, 168, 67, 69, 71, 73, 66, 1436, 744, 1436, 977, 66, 66, 192, 186, 66, 159, 423, 104, 66, 104, 66, 391, 66, 1288, 548, 79, 77, 71, 68, 74, 66, 121, 75, 71, 94, 94, 198, 261, 68, 85, 164, 78, 74, 66, 583, 66, 1436, 1436, 1422, 66, 66, 1436, 66, 1436, 158, 66, 146, 370, 369, 369, 66, 899, 66, 123, 75, 1292, 1292, 82, 1292, 1292, 211, 1167, 560, 163, 74, 69, 71, 68, 74, 370, 78, 66, 71, 68, 71, 68, 71, 68, 71, 68, 71, 68, 71, 68, 455, 1029, 179, 72, 75, 1285, 190, 73, 74, 75, 69, 74, 79, 749, 239, 1054, 65, 79, 82, 82, 1007, 65, 82, 80, 95, 129, 169, 75, 718, 210, 75, 688, 178, 75, 68, 78, 82, 183, 248, 1292, 1292, 1292, 121, 75, 75, 74, 66, 1436, 645, 1292, 1292, 68, 82, 82, 1292, 1292, 675, 288, 1292, 351, 983, 76, 120, 73, 66, 1436, 1288, 1292, 374, 956, 378, 956, 378, 956, 66, 378, 956, 378, 436, 82, 1436, 66, 625, 66, 1292, 1292, 130, 158, 898, 291, 204, 583, 168, 71, 73, 66, 245, 66, 67, 137, 66, 97, 280, 97, 66, 68, 329, 106, 63, 112, 74, 73, 207, 217, 64, 77, 74, 66, 66, 71, 68, 71, 71, 68, 98, 66, 66, 1288, 815, 1288, 1292, 1292, 77, 73, 576, 94, 66, 73, 66, 54, 54, 66, 66, 476, 75, 71, 68, 71, 68, 80, 75, 71, 68, 71, 68, 71, 417, 68, 233, 64, 77, 71, 68]",219000,54,1436,467.94871794871796,468,0,0.0,"{'1': 12, '28': 4, '65': 12}",{},143,12371,22,1243,114.54629629629629,False
https://time.com/tag/time-region-asia/,1774bcb1-3f56-4561-b412-f4d314ff9131,2025-04-08 22:41:54,"{'eth': 241, 'ip': 240, 'udp': 82, 'DATA': 95, 'tcp': 158, 'tls': 83, 'arp': 1}",241,"[71, 71, 68, 68, 495, 75, 71, 68, 71, 68, 71, 68, 71, 68, 71, 68, 71, 68, 71, 68, 71, 68, 71, 68, 78, 74, 66, 384, 66, 1436, 1436, 66, 359, 66, 72, 124, 152, 139, 66, 66, 66, 66, 131, 66, 97, 92, 66, 96, 66, 66, 405, 66, 1436, 1436, 1436, 66, 66, 1436, 1436, 66, 66, 1436, 1436, 1436, 1436, 1436, 1436, 1436, 1436, 66, 78, 66, 66, 1436, 1436, 66, 1436, 1436, 66, 66, 1436, 66, 1436, 1436, 1436, 66, 66, 1436, 1436, 1436, 66, 66, 1436, 1436, 1436, 66, 66, 1436, 1436, 66, 66, 1436, 66, 1436, 1436, 1436, 1436, 1436, 1436, 1436, 1436, 1436, 66, 1436, 1436, 1436, 1436, 1436, 66, 66, 1436, 1436, 1436, 66, 66, 1436, 1436, 1436, 1436, 66, 66, 66, 1436, 1436, 1436, 1436, 1436, 1436, 1436, 1436, 1436, 1436, 1436, 66, 66, 1436, 1436, 1436, 1436, 1436, 1436, 1436, 1436, 1436, 1436, 66, 66, 1128, 66, 90, 66, 66, 90, 54, 66, 54, 66, 54, 71, 68, 71, 68, 71, 68, 124, 75, 124, 76, 56, 96, 66, 71, 68, 71, 68, 71, 68, 71, 68, 121, 75, 54, 66, 71, 68, 123, 75, 71, 68, 80, 75, 71, 68, 71, 68, 71, 68, 71, 68, 71, 68, 71, 68, 71, 68, 71, 68, 71, 68, 71, 68, 71, 68, 71, 68, 71, 68, 54, 66, 71, 68, 295, 66, 273, 66, 71, 68, 109, 66, 106, 66]",121203,54,1436,502.91701244813277,158,"[78, 74, 66, 384, 66, 1436, 1436, 66, 359, 66, 72, 124, 152, 139, 66, 66, 66, 66, 131, 66, 97, 92, 66, 96, 66, 66, 405, 66, 1436, 1436, 1436, 66, 66, 1436, 1436, 66, 66, 1436, 1436, 1436, 1436, 1436, 1436, 1436, 1436, 66, 78, 66, 66, 1436, 1436, 66, 1436, 1436, 66, 66, 1436, 66, 1436, 1436, 1436, 66, 66, 1436, 1436, 1436, 66, 66, 1436, 1436, 1436, 66, 66, 1436, 1436, 66, 66, 1436, 66, 1436, 1436, 1436, 1436, 1436, 1436, 1436, 1436, 1436, 66, 1436, 1436, 1436, 1436, 1436, 66, 66, 1436, 1436, 1436, 66, 66, 1436, 1436, 1436, 1436, 66, 66, 66, 1436, 1436, 1436, 1436, 1436, 1436, 1436, 1436, 1436, 1436, 1436, 66, 66, 1436, 1436, 1436, 1436, 1436, 1436, 1436, 1436, 1436, 1436, 66, 66, 1128, 66, 90, 66, 66, 90, 54, 66, 54, 66, 54, 96, 66, 54, 66, 54, 66, 295, 66, 273, 66, 109, 66, 106, 66]",114764,54,1436,726.3544303797469,158,0,1,0,0.0,3.8e-05,0.053549,0.005409904761904762,82,82,"[71, 71, 68, 68, 495, 75, 71, 68, 71, 68, 71, 68, 71, 68, 71, 68, 71, 68, 71, 68, 71, 68, 71, 68, 71, 68, 71, 68, 71, 68, 124, 75, 124, 76, 71, 68, 71, 68, 71, 68, 71, 68, 121, 75, 71, 68, 123, 75, 71, 68, 80, 75, 71, 68, 71, 68, 71, 68, 71, 68, 71, 68, 71, 68, 71, 68, 71, 68, 71, 68, 71, 68, 71, 68, 71, 68, 71, 68, 71, 68, 71, 68]",6383,68,495,77.84146341463415,0,0,0,240,"[71, 71, 68, 68, 495, 75, 71, 68, 71, 68, 71, 68, 71, 68, 71, 68, 71, 68, 71, 68, 71, 68, 71, 68, 78, 74, 66, 384, 66, 1436, 1436, 66, 359, 66, 72, 124, 152, 139, 66, 66, 66, 66, 131, 66, 97, 92, 66, 96, 66, 66, 405, 66, 1436, 1436, 1436, 66, 66, 1436, 1436, 66, 66, 1436, 1436, 1436, 1436, 1436, 1436, 1436, 1436, 66, 78, 66, 66, 1436, 1436, 66, 1436, 1436, 66, 66, 1436, 66, 1436, 1436, 1436, 66, 66, 1436, 1436, 1436, 66, 66, 1436, 1436, 1436, 66, 66, 1436, 1436, 66, 66, 1436, 66, 1436, 1436, 1436, 1436, 1436, 1436, 1436, 1436, 1436, 66, 1436, 1436, 1436, 1436, 1436, 66, 66, 1436, 1436, 1436, 66, 66, 1436, 1436, 1436, 1436, 66, 66, 66, 1436, 1436, 1436, 1436, 1436, 1436, 1436, 1436, 1436, 1436, 1436, 66, 66, 1436, 1436, 1436, 1436, 1436, 1436, 1436, 1436, 1436, 1436, 66, 66, 1128, 66, 90, 66, 66, 90, 54, 66, 54, 66, 54, 71, 68, 71, 68, 71, 68, 124, 75, 124, 76, 96, 66, 71, 68, 71, 68, 71, 68, 71, 68, 121, 75, 54, 66, 71, 68, 123, 75, 71, 68, 80, 75, 71, 68, 71, 68, 71, 68, 71, 68, 71, 68, 71, 68, 71, 68, 71, 68, 71, 68, 71, 68, 71, 68, 71, 68, 71, 68, 54, 66, 71, 68, 295, 66, 273, 66, 71, 68, 109, 66, 106, 66]",121147,54,1436,504.77916666666664,240,0,0.0,{},{},95,2939,26,453,35.84146341463415,False
https://time.com/tag/time-region-asia/,ff15c441-a0ff-4660-a71d-9549ae1eaebd,2025-04-08 22:42:14,"{'eth': 203, 'ip': 202, 'udp': 62, 'DATA': 81, 'tcp': 140, 'tls': 50, 'arp': 1}",203,"[71, 68, 71, 68, 71, 68, 71, 68, 495, 75, 71, 68, 71, 68, 71, 68, 78, 74, 66, 384, 66, 1436, 1436, 359, 66, 72, 124, 152, 139, 66, 66, 66, 66, 131, 66, 97, 66, 1436, 1436, 1436, 1436, 1436, 1436, 1436, 1436, 1436, 1436, 1436, 1397, 1436, 1436, 1436, 1436, 1436, 66, 66, 1436, 1436, 1436, 1436, 66, 66, 1436, 1436, 66, 66, 1436, 1436, 1436, 1436, 66, 66, 1436, 1436, 66, 66, 1436, 66, 1436, 1436, 1436, 1436, 1436, 1436, 1436, 1436, 1436, 1436, 1436, 1436, 1436, 1436, 66, 66, 66, 1436, 1436, 1436, 1436, 1436, 1436, 66, 1436, 66, 66, 1436, 1436, 1436, 1436, 1436, 66, 66, 1436, 1436, 1436, 1436, 1436, 1436, 1436, 66, 66, 66, 1436, 1436, 1436, 1436, 1436, 1436, 66, 66, 66, 1436, 1436, 66, 66, 1436, 890, 66, 71, 90, 66, 66, 66, 78, 78, 90, 54, 66, 54, 68, 78, 78, 54, 54, 71, 68, 71, 68, 71, 68, 71, 68, 71, 68, 71, 68, 124, 75, 71, 68, 56, 71, 68, 71, 68, 71, 68, 123, 75, 71, 68, 121, 75, 71, 68, 71, 68, 71, 68, 71, 68, 98, 66, 94, 66, 71, 68, 71, 68, 71, 68, 71, 68]",117435,54,1436,578.4975369458128,140,"[78, 74, 66, 384, 66, 1436, 1436, 359, 66, 72, 124, 152, 139, 66, 66, 66, 66, 131, 66, 97, 66, 1436, 1436, 1436, 1436, 1436, 1436, 1436, 1436, 1436, 1436, 1436, 1397, 1436, 1436, 1436, 1436, 1436, 66, 66, 1436, 1436, 1436, 1436, 66, 66, 1436, 1436, 66, 66, 1436, 1436, 1436, 1436, 66, 66, 1436, 1436, 66, 66, 1436, 66, 1436, 1436, 1436, 1436, 1436, 1436, 1436, 1436, 1436, 1436, 1436, 1436, 1436, 1436, 66, 66, 66, 1436, 1436, 1436, 1436, 1436, 1436, 66, 1436, 66, 66, 1436, 1436, 1436, 1436, 1436, 66, 66, 1436, 1436, 1436, 1436, 1436, 1436, 1436, 66, 66, 66, 1436, 1436, 1436, 1436, 1436, 1436, 66, 66, 66, 1436, 1436, 66, 66, 1436, 890, 66, 90, 66, 66, 66, 78, 78, 90, 54, 66, 54, 78, 78, 54, 54, 98, 66, 94, 66]",112463,54,1436,803.3071428571428,140,2,2,0,1.4285714285714286,5.9e-05,0.018147,0.00461884375,62,62,"[71, 68, 71, 68, 71, 68, 71, 68, 495, 75, 71, 68, 71, 68, 71, 68, 71, 68, 71, 68, 71, 68, 71, 68, 71, 68, 71, 68, 71, 68, 124, 75, 71, 68, 71, 68, 71, 68, 71, 68, 123, 75, 71, 68, 121, 75, 71, 68, 71, 68, 71, 68, 71, 68, 71, 68, 71, 68, 71, 68, 71, 68]",4916,68,495,79.29032258064517,0,0,0,202,"[71, 68, 71, 68, 71, 68, 71, 68, 495, 75, 71, 68, 71, 68, 71, 68, 78, 74, 66, 384, 66, 1436, 1436, 359, 66, 72, 124, 152, 139, 66, 66, 66, 66, 131, 66, 97, 66, 1436, 1436, 1436, 1436, 1436, 1436, 1436, 1436, 1436, 1436, 1436, 1397, 1436, 1436, 1436, 1436, 1436, 66, 66, 1436, 1436, 1436, 1436, 66, 66, 1436, 1436, 66, 66, 1436, 1436, 1436, 1436, 66, 66, 1436, 1436, 66, 66, 1436, 66, 1436, 1436, 1436, 1436, 1436, 1436, 1436, 1436, 1436, 1436, 1436, 1436, 1436, 1436, 66, 66, 66, 1436, 1436, 1436, 1436, 1436, 1436, 66, 1436, 66, 66, 1436, 1436, 1436, 1436, 1436, 66, 66, 1436, 1436, 1436, 1436, 1436, 1436, 1436, 66, 66, 66, 1436, 1436, 1436, 1436, 1436, 1436, 66, 66, 66, 1436, 1436, 66, 66, 1436, 890, 66, 71, 90, 66, 66, 66, 78, 78, 90, 54, 66, 54, 68, 78, 78, 54, 54, 71, 68, 71, 68, 71, 68, 71, 68, 71, 68, 71, 68, 124, 75, 71, 68, 71, 68, 71, 68, 71, 68, 123, 75, 71, 68, 121, 75, 71, 68, 71, 68, 71, 68, 71, 68, 98, 66, 94, 66, 71, 68, 71, 68, 71, 68, 71, 68]",117379,54,1436,581.0841584158416,202,0,0.0,{},{},81,2312,26,453,37.29032258064516,False
https://time.com/tag/time-region-asia/,7fc5bbf3-b746-4603-bb0a-a6732b18a798,2025-04-08 22:42:33,"{'eth': 264, 'ip': 264, 'tcp': 145, 'udp': 119, 'DATA': 110, 'tls': 55, 'dns': 4, 'quic': 27}",264,"[54, 54, 71, 66, 66, 68, 71, 68, 71, 68, 158, 66, 71, 68, 86, 71, 68, 78, 74, 66, 384, 66, 1436, 1436, 359, 66, 72, 124, 152, 139, 66, 66, 66, 131, 66, 66, 97, 66, 71, 68, 406, 66, 1436, 1436, 1436, 1436, 1436, 1436, 1436, 1436, 1436, 1436, 1436, 643, 1436, 1436, 1436, 1436, 1436, 66, 66, 66, 1436, 1436, 1436, 66, 66, 1436, 1436, 1436, 1436, 66, 66, 1436, 1436, 66, 66, 1436, 1436, 1436, 66, 66, 1436, 66, 1436, 66, 1436, 1436, 1436, 1436, 66, 66, 1436, 1436, 1436, 1436, 66, 66, 1436, 1436, 66, 66, 1436, 1436, 66, 66, 1436, 1436, 1436, 1436, 1436, 1436, 1436, 1436, 1436, 1436, 1436, 1436, 1436, 1436, 1436, 1436, 1436, 1436, 1436, 1436, 1436, 1436, 1436, 1436, 1436, 1436, 1436, 1436, 1436, 1358, 66, 66, 66, 90, 66, 66, 90, 54, 66, 66, 54, 54, 495, 75, 71, 68, 71, 68, 71, 68, 71, 68, 71, 68, 71, 68, 71, 68, 71, 68, 124, 75, 160, 66, 71, 68, 71, 68, 1288, 167, 67, 69, 74, 106, 78, 66, 71, 68, 90, 66, 90, 66, 54, 54, 66, 54, 71, 68, 71, 68, 123, 66, 75, 91, 91, 107, 151, 1292, 1292, 123, 579, 82, 1292, 121, 75, 1292, 1292, 343, 991, 92, 120, 73, 66, 1292, 348, 155, 162, 243, 75, 79, 63, 75, 558, 69, 73, 75, 137, 80, 68, 71, 68, 71, 68, 71, 68, 71, 68, 71, 68, 1288, 480, 80, 75, 80, 76, 1288, 69, 1241, 603, 64, 67, 77, 75, 71, 68, 67, 71, 68]",138320,54,1436,523.939393939394,145,"[54, 54, 66, 66, 158, 66, 78, 74, 66, 384, 66, 1436, 1436, 359, 66, 72, 124, 152, 139, 66, 66, 66, 131, 66, 66, 97, 66, 406, 66, 1436, 1436, 1436, 1436, 1436, 1436, 1436, 1436, 1436, 1436, 1436, 643, 1436, 1436, 1436, 1436, 1436, 66, 66, 66, 1436, 1436, 1436, 66, 66, 1436, 1436, 1436, 1436, 66, 66, 1436, 1436, 66, 66, 1436, 1436, 1436, 66, 66, 1436, 66, 1436, 66, 1436, 1436, 1436, 1436, 66, 66, 1436, 1436, 1436, 1436, 66, 66, 1436, 1436, 66, 66, 1436, 1436, 66, 66, 1436, 1436, 1436, 1436, 1436, 1436, 1436, 1436, 1436, 1436, 1436, 1436, 1436, 1436, 1436, 1436, 1436, 1436, 1436, 1436, 1436, 1436, 1436, 1436, 1436, 1436, 1436, 1436, 1436, 1358, 66, 66, 66, 90, 66, 66, 90, 54, 66, 66, 54, 54, 160, 66, 90, 66, 90, 66, 54, 54, 66, 54]",112925,54,1436,778.7931034482758,145,0,0,0,0.0,6.4e-05,0.019001,0.00497215625,119,119,"[71, 68, 71, 68, 71, 68, 71, 68, 86, 71, 68, 71, 68, 495, 75, 71, 68, 71, 68, 71, 68, 71, 68, 71, 68, 71, 68, 71, 68, 71, 68, 124, 75, 71, 68, 71, 68, 1288, 167, 67, 69, 74, 106, 78, 66, 71, 68, 71, 68, 71, 68, 123, 66, 75, 91, 91, 107, 151, 1292, 1292, 123, 579, 82, 1292, 121, 75, 1292, 1292, 343, 991, 92, 120, 73, 66, 1292, 348, 155, 162, 243, 75, 79, 63, 75, 558, 69, 73, 75, 137, 80, 68, 71, 68, 71, 68, 71, 68, 71, 68, 71, 68, 1288, 480, 80, 75, 80, 76, 1288, 69, 1241, 603, 64, 67, 77, 75, 71, 68, 67, 71, 68]",25395,63,1292,213.4033613445378,0,4,0,264,"[54, 54, 71, 66, 66, 68, 71, 68, 71, 68, 158, 66, 71, 68, 86, 71, 68, 78, 74, 66, 384, 66, 1436, 1436, 359, 66, 72, 124, 152, 139, 66, 66, 66, 131, 66, 66, 97, 66, 71, 68, 406, 66, 1436, 1436, 1436, 1436, 1436, 1436, 1436, 1436, 1436, 1436, 1436, 643, 1436, 1436, 1436, 1436, 1436, 66, 66, 66, 1436, 1436, 1436, 66, 66, 1436, 1436, 1436, 1436, 66, 66, 1436, 1436, 66, 66, 1436, 1436, 1436, 66, 66, 1436, 66, 1436, 66, 1436, 1436, 1436, 1436, 66, 66, 1436, 1436, 1436, 1436, 66, 66, 1436, 1436, 66, 66, 1436, 1436, 66, 66, 1436, 1436, 1436, 1436, 1436, 1436, 1436, 1436, 1436, 1436, 1436, 1436, 1436, 1436, 1436, 1436, 1436, 1436, 1436, 1436, 1436, 1436, 1436, 1436, 1436, 1436, 1436, 1436, 1436, 1358, 66, 66, 66, 90, 66, 66, 90, 54, 66, 66, 54, 54, 495, 75, 71, 68, 71, 68, 71, 68, 71, 68, 71, 68, 71, 68, 71, 68, 71, 68, 124, 75, 160, 66, 71, 68, 71, 68, 1288, 167, 67, 69, 74, 106, 78, 66, 71, 68, 90, 66, 90, 66, 54, 54, 66, 54, 71, 68, 71, 68, 123, 66, 75, 91, 91, 107, 151, 1292, 1292, 123, 579, 82, 1292, 121, 75, 1292, 1292, 343, 991, 92, 120, 73, 66, 1292, 348, 155, 162, 243, 75, 79, 63, 75, 558, 69, 73, 75, 137, 80, 68, 71, 68, 71, 68, 71, 68, 71, 68, 71, 68, 1288, 480, 80, 75, 80, 76, 1288, 69, 1241, 603, 64, 67, 77, 75, 71, 68, 67, 71, 68]",138320,54,1436,523.939393939394,264,0,0.0,"{'1': 2, '65': 2}",{},110,9643,22,1246,105.96703296703296,False
https://time.com/tag/time-region-asia/,cc1e67aa-596f-47e1-a882-9d0c013e5a31,2025-04-08 22:42:53,"{'eth': 271, 'ip': 270, 'udp': 101, 'DATA': 119, 'tcp': 169, 'tls': 68, 'dns': 4, 'arp': 1}",271,"[71, 68, 120, 122, 66, 71, 68, 123, 75, 71, 68, 71, 68, 71, 68, 71, 68, 71, 68, 71, 68, 71, 68, 71, 68, 78, 74, 66, 384, 66, 1436, 1436, 66, 359, 66, 72, 124, 152, 139, 66, 66, 66, 66, 131, 66, 97, 66, 404, 1436, 1436, 1436, 1436, 1436, 1436, 1436, 1436, 1436, 1332, 1436, 1436, 1436, 1436, 1436, 1436, 1436, 66, 78, 66, 66, 66, 1436, 1436, 1436, 1436, 1436, 1436, 1436, 1436, 1436, 66, 1436, 66, 71, 1436, 66, 66, 1436, 66, 1436, 1436, 1436, 1436, 1436, 1436, 1436, 1436, 1436, 1436, 1436, 1436, 1436, 1436, 1436, 66, 66, 66, 1436, 1436, 1436, 1436, 1436, 1436, 1436, 1436, 1436, 1436, 1436, 1436, 1436, 1436, 1436, 1436, 1436, 66, 66, 66, 1436, 1436, 1436, 66, 66, 1436, 1436, 1436, 1436, 1436, 66, 66, 1436, 1436, 1436, 700, 68, 66, 66, 90, 66, 66, 90, 54, 66, 54, 66, 54, 54, 71, 66, 68, 71, 68, 495, 495, 76, 71, 68, 78, 93, 75, 832, 75, 75, 1030, 102, 82, 71, 68, 68, 71, 71, 68, 68, 899, 128, 66, 71, 71, 68, 68, 71, 71, 68, 68, 107, 66, 111, 66, 71, 71, 68, 68, 71, 68, 71, 68, 71, 68, 90, 66, 66, 66, 66, 71, 68, 76, 76, 111, 169, 78, 74, 66, 1436, 489, 66, 1436, 1436, 66, 821, 66, 130, 1436, 455, 145, 145, 66, 66, 627, 66, 1436, 1226, 66, 139, 66, 124, 75, 71, 68, 71, 68, 71, 71, 68, 68, 71, 68, 71, 68, 71, 68, 122, 75, 71, 68, 71, 68, 56, 122, 75, 71, 68, 71, 68]",136069,54,1436,502.09963099630994,169,"[120, 122, 66, 78, 74, 66, 384, 66, 1436, 1436, 66, 359, 66, 72, 124, 152, 139, 66, 66, 66, 66, 131, 66, 97, 66, 404, 1436, 1436, 1436, 1436, 1436, 1436, 1436, 1436, 1436, 1332, 1436, 1436, 1436, 1436, 1436, 1436, 1436, 66, 78, 66, 66, 66, 1436, 1436, 1436, 1436, 1436, 1436, 1436, 1436, 1436, 66, 1436, 66, 1436, 66, 66, 1436, 66, 1436, 1436, 1436, 1436, 1436, 1436, 1436, 1436, 1436, 1436, 1436, 1436, 1436, 1436, 1436, 66, 66, 66, 1436, 1436, 1436, 1436, 1436, 1436, 1436, 1436, 1436, 1436, 1436, 1436, 1436, 1436, 1436, 1436, 1436, 66, 66, 66, 1436, 1436, 1436, 66, 66, 1436, 1436, 1436, 1436, 1436, 66, 66, 1436, 1436, 1436, 700, 66, 66, 90, 66, 66, 90, 54, 66, 54, 66, 54, 54, 66, 899, 128, 66, 107, 66, 111, 66, 90, 66, 66, 66, 66, 78, 74, 66, 1436, 489, 66, 1436, 1436, 66, 821, 66, 130, 1436, 455, 145, 145, 66, 66, 627, 66, 1436, 1226, 66, 139, 66]",125932,54,1436,745.1597633136095,169,0,1,0,0.0,8.7e-05,0.015558,0.005029212765957447,101,101,"[71, 68, 71, 68, 123, 75, 71, 68, 71, 68, 71, 68, 71, 68, 71, 68, 71, 68, 71, 68, 71, 68, 71, 68, 71, 68, 71, 68, 495, 495, 76, 71, 68, 78, 93, 75, 832, 75, 75, 1030, 102, 82, 71, 68, 68, 71, 71, 68, 68, 71, 71, 68, 68, 71, 71, 68, 68, 71, 71, 68, 68, 71, 68, 71, 68, 71, 68, 71, 68, 76, 76, 111, 169, 124, 75, 71, 68, 71, 68, 71, 71, 68, 68, 71, 68, 71, 68, 71, 68, 122, 75, 71, 68, 71, 68, 122, 75, 71, 68, 71, 68]",10081,68,1030,99.81188118811882,0,4,0,270,"[71, 68, 120, 122, 66, 71, 68, 123, 75, 71, 68, 71, 68, 71, 68, 71, 68, 71, 68, 71, 68, 71, 68, 71, 68, 78, 74, 66, 384, 66, 1436, 1436, 66, 359, 66, 72, 124, 152, 139, 66, 66, 66, 66, 131, 66, 97, 66, 404, 1436, 1436, 1436, 1436, 1436, 1436, 1436, 1436, 1436, 1332, 1436, 1436, 1436, 1436, 1436, 1436, 1436, 66, 78, 66, 66, 66, 1436, 1436, 1436, 1436, 1436, 1436, 1436, 1436, 1436, 66, 1436, 66, 71, 1436, 66, 66, 1436, 66, 1436, 1436, 1436, 1436, 1436, 1436, 1436, 1436, 1436, 1436, 1436, 1436, 1436, 1436, 1436, 66, 66, 66, 1436, 1436, 1436, 1436, 1436, 1436, 1436, 1436, 1436, 1436, 1436, 1436, 1436, 1436, 1436, 1436, 1436, 66, 66, 66, 1436, 1436, 1436, 66, 66, 1436, 1436, 1436, 1436, 1436, 66, 66, 1436, 1436, 1436, 700, 68, 66, 66, 90, 66, 66, 90, 54, 66, 54, 66, 54, 54, 71, 66, 68, 71, 68, 495, 495, 76, 71, 68, 78, 93, 75, 832, 75, 75, 1030, 102, 82, 71, 68, 68, 71, 71, 68, 68, 899, 128, 66, 71, 71, 68, 68, 71, 71, 68, 68, 107, 66, 111, 66, 71, 71, 68, 68, 71, 68, 71, 68, 71, 68, 90, 66, 66, 66, 66, 71, 68, 76, 76, 111, 169, 78, 74, 66, 1436, 489, 66, 1436, 1436, 66, 821, 66, 130, 1436, 455, 145, 145, 66, 66, 627, 66, 1436, 1226, 66, 139, 66, 124, 75, 71, 68, 71, 68, 71, 71, 68, 68, 71, 68, 71, 68, 71, 68, 122, 75, 71, 68, 71, 68, 122, 75, 71, 68, 71, 68]",136013,54,1436,503.7518518518518,270,0,0.0,"{'1': 2, '65': 2}",{},119,5575,26,988,57.47422680412371,False
https://time.com/tag/time-region-asia/,b37686de-60c3-4b84-a6ca-17c7e959fb67,2025-04-08 22:43:22,"{'eth': 166, 'ip': 166, 'udp': 30, 'DATA': 31, 'dns': 8, 'tcp': 136, 'tls': 34}",166,"[71, 68, 71, 68, 75, 75, 71, 68, 120, 122, 66, 476, 77, 71, 68, 78, 74, 66, 384, 66, 1436, 1436, 359, 66, 72, 124, 152, 139, 66, 66, 66, 131, 66, 66, 97, 75, 75, 66, 405, 1436, 1436, 1436, 1436, 1436, 1436, 1436, 1436, 66, 66, 66, 1436, 1436, 1436, 66, 66, 1436, 1436, 1436, 66, 66, 1436, 1436, 1436, 1436, 1436, 1436, 1436, 1436, 1436, 66, 66, 1436, 1436, 1436, 1436, 1436, 66, 1436, 66, 66, 1436, 1436, 1436, 1436, 1436, 1436, 1436, 1436, 1436, 1436, 1436, 66, 66, 1436, 1436, 1436, 1436, 1436, 66, 66, 1436, 1436, 1436, 1436, 1436, 1436, 1436, 1436, 1436, 1436, 1436, 1436, 1436, 1436, 1436, 1436, 66, 66, 1436, 1436, 1436, 1436, 1436, 1436, 1436, 66, 78, 78, 1436, 1436, 1436, 1436, 292, 66, 66, 66, 90, 66, 66, 90, 54, 66, 54, 66, 54, 123, 123, 78, 75, 78, 71, 68, 75, 75, 145, 192, 64, 77, 66, 96, 66, 899, 71, 128, 66, 68]",115800,54,1436,697.5903614457832,136,"[120, 122, 66, 78, 74, 66, 384, 66, 1436, 1436, 359, 66, 72, 124, 152, 139, 66, 66, 66, 131, 66, 66, 97, 66, 405, 1436, 1436, 1436, 1436, 1436, 1436, 1436, 1436, 66, 66, 66, 1436, 1436, 1436, 66, 66, 1436, 1436, 1436, 66, 66, 1436, 1436, 1436, 1436, 1436, 1436, 1436, 1436, 1436, 66, 66, 1436, 1436, 1436, 1436, 1436, 66, 1436, 66, 66, 1436, 1436, 1436, 1436, 1436, 1436, 1436, 1436, 1436, 1436, 1436, 66, 66, 1436, 1436, 1436, 1436, 1436, 66, 66, 1436, 1436, 1436, 1436, 1436, 1436, 1436, 1436, 1436, 1436, 1436, 1436, 1436, 1436, 1436, 1436, 66, 66, 1436, 1436, 1436, 1436, 1436, 1436, 1436, 66, 78, 78, 1436, 1436, 1436, 1436, 292, 66, 66, 66, 90, 66, 66, 90, 54, 66, 54, 66, 54, 96, 66, 899, 128, 66]",112942,54,1436,830.4558823529412,136,1,2,1,0.7352941176470588,4.3e-05,0.091742,0.009417483870967741,30,30,"[71, 68, 71, 68, 75, 75, 71, 68, 476, 77, 71, 68, 75, 75, 123, 123, 78, 75, 78, 71, 68, 75, 75, 145, 192, 64, 77, 66, 71, 68]",2858,64,476,95.26666666666667,0,8,2,166,"[71, 68, 71, 68, 75, 75, 71, 68, 120, 122, 66, 476, 77, 71, 68, 78, 74, 66, 384, 66, 1436, 1436, 359, 66, 72, 124, 152, 139, 66, 66, 66, 131, 66, 66, 97, 75, 75, 66, 405, 1436, 1436, 1436, 1436, 1436, 1436, 1436, 1436, 66, 66, 66, 1436, 1436, 1436, 66, 66, 1436, 1436, 1436, 66, 66, 1436, 1436, 1436, 1436, 1436, 1436, 1436, 1436, 1436, 66, 66, 1436, 1436, 1436, 1436, 1436, 66, 1436, 66, 66, 1436, 1436, 1436, 1436, 1436, 1436, 1436, 1436, 1436, 1436, 1436, 66, 66, 1436, 1436, 1436, 1436, 1436, 66, 66, 1436, 1436, 1436, 1436, 1436, 1436, 1436, 1436, 1436, 1436, 1436, 1436, 1436, 1436, 1436, 1436, 66, 66, 1436, 1436, 1436, 1436, 1436, 1436, 1436, 66, 78, 78, 1436, 1436, 1436, 1436, 292, 66, 66, 66, 90, 66, 66, 90, 54, 66, 54, 66, 54, 123, 123, 78, 75, 78, 71, 68, 75, 75, 145, 192, 64, 77, 66, 96, 66, 899, 71, 128, 66, 68]",115800,54,1436,697.5903614457832,166,0,0.0,"{'65': 3, '1': 5}",{},31,1331,22,434,60.5,False
https://time.com/tag/time-region-asia/,f5c5bb8d-5006-434f-b1cf-34f6cfee785b,2025-04-08 22:43:41,"{'eth': 260, 'ip': 260, 'tcp': 180, 'udp': 79, 'dns': 7, 'DATA': 57, 'tls': 76, 'icmp': 1, 'quic': 22}",260,"[60, 60, 75, 78, 71, 68, 71, 68, 71, 68, 97, 66, 66, 66, 66, 71, 68, 66, 66, 66, 66, 66, 66, 79, 75, 75, 70, 71, 54, 68, 66, 120, 416, 122, 66, 233, 64, 77, 66, 71, 68, 78, 74, 66, 384, 66, 1436, 1436, 359, 66, 72, 124, 152, 139, 66, 66, 66, 66, 131, 66, 97, 66, 71, 68, 1436, 1436, 405, 1436, 1436, 1436, 1436, 1436, 1436, 1436, 179, 1436, 1436, 1436, 1436, 1436, 1436, 1436, 1436, 78, 78, 78, 66, 66, 1436, 1436, 1436, 66, 66, 1436, 1436, 1436, 66, 66, 1436, 1436, 1436, 1436, 66, 66, 1436, 66, 1436, 1436, 1436, 1436, 1436, 1436, 1436, 1436, 1436, 66, 66, 1436, 1436, 1436, 1436, 1436, 1436, 1436, 66, 1436, 1436, 1436, 1436, 1436, 66, 66, 66, 1436, 1436, 1436, 1436, 66, 66, 1436, 1436, 1436, 1436, 1436, 1436, 66, 66, 66, 1436, 1436, 1436, 1436, 1436, 1436, 1436, 1436, 1436, 1436, 1436, 1436, 1436, 66, 66, 66, 716, 66, 90, 66, 66, 90, 54, 66, 54, 66, 54, 78, 74, 66, 247, 71, 66, 1436, 744, 1436, 195, 66, 66, 68, 1436, 1304, 66, 1436, 1436, 1436, 1294, 66, 66, 128, 151, 66, 66, 66, 66, 71, 68, 476, 66, 75, 91, 91, 107, 151, 1292, 1292, 117, 580, 82, 1292, 1292, 337, 997, 86, 66, 120, 73, 80, 63, 162, 226, 73, 73, 562, 73, 75, 78, 137, 80, 71, 67, 68, 68, 71, 68, 71, 68, 123, 75, 123, 76, 54, 66, 71, 68, 79, 79, 76, 71, 68, 54, 66]",141679,54,1436,544.9192307692308,180,"[60, 60, 97, 66, 66, 66, 66, 66, 66, 66, 66, 66, 66, 54, 66, 120, 122, 66, 78, 74, 66, 384, 66, 1436, 1436, 359, 66, 72, 124, 152, 139, 66, 66, 66, 66, 131, 66, 97, 66, 1436, 1436, 405, 1436, 1436, 1436, 1436, 1436, 1436, 1436, 179, 1436, 1436, 1436, 1436, 1436, 1436, 1436, 1436, 78, 78, 78, 66, 66, 1436, 1436, 1436, 66, 66, 1436, 1436, 1436, 66, 66, 1436, 1436, 1436, 1436, 66, 66, 1436, 66, 1436, 1436, 1436, 1436, 1436, 1436, 1436, 1436, 1436, 66, 66, 1436, 1436, 1436, 1436, 1436, 1436, 1436, 66, 1436, 1436, 1436, 1436, 1436, 66, 66, 66, 1436, 1436, 1436, 1436, 66, 66, 1436, 1436, 1436, 1436, 1436, 1436, 66, 66, 66, 1436, 1436, 1436, 1436, 1436, 1436, 1436, 1436, 1436, 1436, 1436, 1436, 1436, 66, 66, 66, 716, 66, 90, 66, 66, 90, 54, 66, 54, 66, 54, 78, 74, 66, 247, 66, 1436, 744, 1436, 195, 66, 66, 1436, 1304, 66, 1436, 1436, 1436, 1294, 66, 66, 128, 151, 66, 66, 66, 66, 54, 66, 54, 66]",127294,54,1436,707.1888888888889,180,1,2,0,0.5555555555555556,4.5e-05,0.016994,0.005527416666666667,79,79,"[75, 78, 71, 68, 71, 68, 71, 68, 71, 68, 79, 75, 75, 71, 68, 416, 233, 64, 77, 66, 71, 68, 71, 68, 71, 68, 71, 68, 476, 66, 75, 91, 91, 107, 151, 1292, 1292, 117, 580, 82, 1292, 1292, 337, 997, 86, 66, 120, 73, 80, 63, 162, 226, 73, 73, 562, 73, 75, 78, 137, 80, 71, 67, 68, 68, 71, 68, 71, 68, 123, 75, 123, 76, 71, 68, 79, 79, 76, 71, 68]",14315,63,1292,181.20253164556962,0,7,3,260,"[60, 60, 75, 78, 71, 68, 71, 68, 71, 68, 97, 66, 66, 66, 66, 71, 68, 66, 66, 66, 66, 66, 66, 79, 75, 75, 70, 71, 54, 68, 66, 120, 416, 122, 66, 233, 64, 77, 66, 71, 68, 78, 74, 66, 384, 66, 1436, 1436, 359, 66, 72, 124, 152, 139, 66, 66, 66, 66, 131, 66, 97, 66, 71, 68, 1436, 1436, 405, 1436, 1436, 1436, 1436, 1436, 1436, 1436, 179, 1436, 1436, 1436, 1436, 1436, 1436, 1436, 1436, 78, 78, 78, 66, 66, 1436, 1436, 1436, 66, 66, 1436, 1436, 1436, 66, 66, 1436, 1436, 1436, 1436, 66, 66, 1436, 66, 1436, 1436, 1436, 1436, 1436, 1436, 1436, 1436, 1436, 66, 66, 1436, 1436, 1436, 1436, 1436, 1436, 1436, 66, 1436, 1436, 1436, 1436, 1436, 66, 66, 66, 1436, 1436, 1436, 1436, 66, 66, 1436, 1436, 1436, 1436, 1436, 1436, 66, 66, 66, 1436, 1436, 1436, 1436, 1436, 1436, 1436, 1436, 1436, 1436, 1436, 1436, 1436, 66, 66, 66, 716, 66, 90, 66, 66, 90, 54, 66, 54, 66, 54, 78, 74, 66, 247, 71, 66, 1436, 744, 1436, 195, 66, 66, 68, 1436, 1304, 66, 1436, 1436, 1436, 1294, 66, 66, 128, 151, 66, 66, 66, 66, 71, 68, 476, 66, 75, 91, 91, 107, 151, 1292, 1292, 117, 580, 82, 1292, 1292, 337, 997, 86, 66, 120, 73, 80, 63, 162, 226, 73, 73, 562, 73, 75, 78, 137, 80, 71, 67, 68, 68, 71, 68, 71, 68, 123, 75, 123, 76, 54, 66, 71, 68, 79, 79, 76, 71, 68, 54, 66]",141679,54,1436,544.9192307692308,260,0,0.0,"{'1': 4, '65': 3}",{},57,3057,22,520,59.94117647058823,False
https://time.com/tag/time-region-asia/,30d559b8-a762-4751-8935-03664ad1b166,2025-04-08 22:44:01,"{'eth': 302, 'ip': 301, 'udp': 143, 'DATA': 81, 'tcp': 158, 'tls': 84, 'arp': 1, 'dns': 4, 'quic': 88}",302,"[78, 182, 78, 76, 810, 75, 75, 1023, 102, 82, 295, 68, 273, 66, 899, 128, 66, 71, 68, 71, 68, 71, 68, 71, 68, 78, 74, 66, 384, 66, 1436, 1436, 359, 66, 72, 124, 152, 139, 66, 66, 66, 66, 131, 66, 97, 66, 406, 1436, 1436, 1436, 1436, 1436, 1436, 1436, 1436, 1436, 1436, 1436, 1436, 1436, 1436, 1436, 1436, 1436, 1436, 1436, 1436, 1436, 66, 66, 66, 1436, 1436, 1436, 1436, 1436, 1436, 66, 66, 1436, 66, 1436, 66, 71, 1436, 1436, 1436, 1436, 1436, 1436, 1436, 1436, 66, 66, 1436, 1436, 1436, 1436, 66, 66, 1436, 1436, 1436, 1436, 1436, 66, 66, 1436, 1436, 1436, 66, 66, 1436, 1436, 1436, 1436, 1436, 66, 66, 66, 1436, 1436, 1436, 1436, 1436, 1436, 1436, 1436, 1436, 66, 66, 1436, 1436, 1436, 1436, 1436, 1436, 1436, 1436, 1436, 754, 66, 66, 90, 66, 68, 66, 90, 66, 66, 54, 54, 54, 71, 68, 120, 122, 66, 56, 71, 68, 71, 68, 475, 78, 86, 71, 68, 109, 66, 106, 66, 123, 79, 123, 80, 79, 75, 90, 66, 90, 66, 66, 54, 54, 71, 68, 71, 68, 71, 68, 71, 68, 105, 90, 66, 105, 66, 66, 90, 66, 66, 66, 60, 60, 71, 68, 74, 74, 90, 99, 1292, 1292, 1292, 119, 1288, 509, 82, 82, 1292, 1292, 1292, 351, 120, 71, 983, 124, 73, 66, 162, 64, 73, 68, 74, 1292, 1292, 1288, 1292, 1292, 1292, 1292, 1292, 1292, 75, 75, 79, 75, 75, 73, 73, 1292, 1292, 1111, 1287, 1292, 1292, 1292, 1292, 1292, 1292, 73, 73, 73, 73, 73, 1292, 1292, 1292, 1292, 1292, 1292, 1292, 1292, 1292, 73, 73, 73, 73, 73, 1292, 1292, 1292, 1292, 1292, 1292, 1292, 86, 1292, 73, 73, 73, 73, 1288, 68, 74, 554, 297, 113, 77, 67, 71, 68]",184339,54,1436,610.3940397350993,158,"[295, 273, 66, 899, 128, 66, 78, 74, 66, 384, 66, 1436, 1436, 359, 66, 72, 124, 152, 139, 66, 66, 66, 66, 131, 66, 97, 66, 406, 1436, 1436, 1436, 1436, 1436, 1436, 1436, 1436, 1436, 1436, 1436, 1436, 1436, 1436, 1436, 1436, 1436, 1436, 1436, 1436, 1436, 66, 66, 66, 1436, 1436, 1436, 1436, 1436, 1436, 66, 66, 1436, 66, 1436, 66, 1436, 1436, 1436, 1436, 1436, 1436, 1436, 1436, 66, 66, 1436, 1436, 1436, 1436, 66, 66, 1436, 1436, 1436, 1436, 1436, 66, 66, 1436, 1436, 1436, 66, 66, 1436, 1436, 1436, 1436, 1436, 66, 66, 66, 1436, 1436, 1436, 1436, 1436, 1436, 1436, 1436, 1436, 66, 66, 1436, 1436, 1436, 1436, 1436, 1436, 1436, 1436, 1436, 754, 66, 66, 90, 66, 66, 90, 66, 66, 54, 54, 54, 120, 122, 66, 109, 66, 106, 66, 90, 66, 90, 66, 66, 54, 54, 105, 90, 66, 105, 66, 66, 90, 66, 66, 66, 60, 60]",115460,54,1436,730.7594936708861,158,1,0,0,0.6329113924050633,4.1e-05,0.025888,0.007267236842105263,143,143,"[78, 182, 78, 76, 810, 75, 75, 1023, 102, 82, 68, 71, 68, 71, 68, 71, 68, 71, 68, 71, 68, 71, 68, 71, 68, 71, 68, 475, 78, 86, 71, 68, 123, 79, 123, 80, 79, 75, 71, 68, 71, 68, 71, 68, 71, 68, 71, 68, 74, 74, 90, 99, 1292, 1292, 1292, 119, 1288, 509, 82, 82, 1292, 1292, 1292, 351, 120, 71, 983, 124, 73, 66, 162, 64, 73, 68, 74, 1292, 1292, 1288, 1292, 1292, 1292, 1292, 1292, 1292, 75, 75, 79, 75, 75, 73, 73, 1292, 1292, 1111, 1287, 1292, 1292, 1292, 1292, 1292, 1292, 73, 73, 73, 73, 73, 1292, 1292, 1292, 1292, 1292, 1292, 1292, 1292, 1292, 73, 73, 73, 73, 73, 1292, 1292, 1292, 1292, 1292, 1292, 1292, 86, 1292, 73, 73, 73, 73, 1288, 68, 74, 554, 297, 113, 77, 67, 71, 68]",68823,64,1292,481.27972027972027,0,4,0,301,"[78, 182, 78, 76, 810, 75, 75, 1023, 102, 82, 295, 68, 273, 66, 899, 128, 66, 71, 68, 71, 68, 71, 68, 71, 68, 78, 74, 66, 384, 66, 1436, 1436, 359, 66, 72, 124, 152, 139, 66, 66, 66, 66, 131, 66, 97, 66, 406, 1436, 1436, 1436, 1436, 1436, 1436, 1436, 1436, 1436, 1436, 1436, 1436, 1436, 1436, 1436, 1436, 1436, 1436, 1436, 1436, 1436, 66, 66, 66, 1436, 1436, 1436, 1436, 1436, 1436, 66, 66, 1436, 66, 1436, 66, 71, 1436, 1436, 1436, 1436, 1436, 1436, 1436, 1436, 66, 66, 1436, 1436, 1436, 1436, 66, 66, 1436, 1436, 1436, 1436, 1436, 66, 66, 1436, 1436, 1436, 66, 66, 1436, 1436, 1436, 1436, 1436, 66, 66, 66, 1436, 1436, 1436, 1436, 1436, 1436, 1436, 1436, 1436, 66, 66, 1436, 1436, 1436, 1436, 1436, 1436, 1436, 1436, 1436, 754, 66, 66, 90, 66, 68, 66, 90, 66, 66, 54, 54, 54, 71, 68, 120, 122, 66, 71, 68, 71, 68, 475, 78, 86, 71, 68, 109, 66, 106, 66, 123, 79, 123, 80, 79, 75, 90, 66, 90, 66, 66, 54, 54, 71, 68, 71, 68, 71, 68, 71, 68, 105, 90, 66, 105, 66, 66, 90, 66, 66, 66, 60, 60, 71, 68, 74, 74, 90, 99, 1292, 1292, 1292, 119, 1288, 509, 82, 82, 1292, 1292, 1292, 351, 120, 71, 983, 124, 73, 66, 162, 64, 73, 68, 74, 1292, 1292, 1288, 1292, 1292, 1292, 1292, 1292, 1292, 75, 75, 79, 75, 75, 73, 73, 1292, 1292, 1111, 1287, 1292, 1292, 1292, 1292, 1292, 1292, 73, 73, 73, 73, 73, 1292, 1292, 1292, 1292, 1292, 1292, 1292, 1292, 1292, 73, 73, 73, 73, 73, 1292, 1292, 1292, 1292, 1292, 1292, 1292, 86, 1292, 73, 73, 73, 73, 1288, 68, 74, 554, 297, 113, 77, 67, 71, 68]",184283,54,1436,612.235880398671,301,0,0.0,"{'1': 2, '65': 2}",{},81,3887,26,981,74.75,False
