website,id,date,layer_counts,all_packet_count,all_packet_sizes,all_packet_total_size,all_packet_min_size,all_packet_max_size,all_packet_average_size,tcp_packet_count,tcp_packet_sizes,tcp_packet_total_size,tcp_packet_min_size,tcp_packet_max_size,tcp_packet_average_size,tcp_count,tcp_retransmissions,tcp_duplicate_acks,tcp_fast_retransmissions,tcp_retransmission_percentage,tcp_min_rtt,tcp_max_rtt,tcp_avg_rtt,udp_count,udp_packet_count,udp_packet_sizes,udp_packet_total_size,udp_packet_min_size,udp_packet_max_size,udp_packet_average_size,rtp_count,dns_count,dns_incomplete_transactions,ip_packet_count,ip_packet_sizes,ip_packet_total_size,ip_packet_min_size,ip_packet_max_size,ip_packet_average_size,ip_count,ip_fragmented,ip_fragmentation_percentage,dns_query_types,dns_response_codes,data_count,data_total_payload_size,data_min_payload_size,data_max_payload_size,data_avg_payload_size,param_frag_size,param_tcp_frag,param_record_frag
https://www.malayporn.space/,293d7f89-a0d7-47d3-a204-ee66e6944686,2025-04-15 10:20:44,"{'eth': 190, 'ip': 190, 'udp': 134, 'DATA': 108, 'dns': 26, 'tcp': 56, 'tls': 24}",190,"[71, 66, 71, 66, 71, 66, 495, 75, 71, 66, 124, 75, 71, 66, 150, 80, 71, 67, 161, 141, 141, 141, 70, 70, 73, 188, 128, 128, 78, 128, 78, 65, 79, 149, 71, 67, 121, 121, 76, 71, 67, 71, 67, 71, 121, 75, 67, 71, 67, 71, 67, 307, 120, 66, 334, 66, 122, 66, 71, 67, 71, 67, 295, 66, 273, 66, 71, 67, 90, 66, 94, 66, 109, 109, 186, 186, 117, 117, 182, 182, 128, 151, 66, 66, 66, 66, 90, 66, 94, 66, 71, 67, 71, 67, 66, 66, 78, 100, 75, 1066, 1066, 73, 74, 1006, 99, 77, 66, 71, 66, 71, 109, 109, 186, 186, 117, 117, 182, 182, 66, 54, 66, 71, 66, 71, 67, 1134, 66, 71, 66, 54, 66, 71, 66, 71, 66, 98, 66, 94, 66, 71, 66, 105, 90, 66, 66, 66, 66, 66, 71, 71, 66, 94, 67, 90, 66, 495, 495, 76, 71, 67, 120, 141, 122, 66, 192, 78, 66, 109, 109, 186, 186, 117, 117, 182, 182, 92, 66, 96, 66, 67, 54, 123, 66, 76, 76, 284, 120, 63, 77, 579]",23909,54,1134,125.83684210526316,56,"[307, 120, 66, 334, 66, 122, 66, 295, 66, 273, 66, 90, 66, 94, 66, 128, 151, 66, 66, 66, 66, 90, 66, 94, 66, 66, 66, 54, 66, 1134, 66, 54, 66, 98, 66, 94, 66, 105, 90, 66, 66, 66, 66, 66, 94, 90, 66, 120, 122, 66, 92, 66, 96, 66, 67, 54]",6376,54,1134,113.85714285714286,56,1,0,0,1.7857142857142856,9.6e-05,0.052525,0.006469259259259259,134,134,"[71, 66, 71, 66, 71, 66, 495, 75, 71, 66, 124, 75, 71, 66, 150, 80, 71, 67, 161, 141, 141, 141, 70, 70, 73, 188, 128, 128, 78, 128, 78, 65, 79, 149, 71, 67, 121, 121, 76, 71, 67, 71, 67, 71, 121, 75, 67, 71, 67, 71, 67, 71, 67, 71, 67, 71, 67, 109, 109, 186, 186, 117, 117, 182, 182, 71, 67, 71, 67, 78, 100, 75, 1066, 1066, 73, 74, 1006, 99, 77, 66, 71, 66, 71, 109, 109, 186, 186, 117, 117, 182, 182, 66, 71, 66, 71, 67, 71, 66, 71, 66, 71, 66, 71, 66, 71, 71, 66, 67, 495, 495, 76, 71, 67, 141, 192, 78, 66, 109, 109, 186, 186, 117, 117, 182, 182, 123, 66, 76, 76, 284, 120, 63, 77, 579]",17533,63,1066,130.84328358208955,0,26,0,190,"[71, 66, 71, 66, 71, 66, 495, 75, 71, 66, 124, 75, 71, 66, 150, 80, 71, 67, 161, 141, 141, 141, 70, 70, 73, 188, 128, 128, 78, 128, 78, 65, 79, 149, 71, 67, 121, 121, 76, 71, 67, 71, 67, 71, 121, 75, 67, 71, 67, 71, 67, 307, 120, 66, 334, 66, 122, 66, 71, 67, 71, 67, 295, 66, 273, 66, 71, 67, 90, 66, 94, 66, 109, 109, 186, 186, 117, 117, 182, 182, 128, 151, 66, 66, 66, 66, 90, 66, 94, 66, 71, 67, 71, 67, 66, 66, 78, 100, 75, 1066, 1066, 73, 74, 1006, 99, 77, 66, 71, 66, 71, 109, 109, 186, 186, 117, 117, 182, 182, 66, 54, 66, 71, 66, 71, 67, 1134, 66, 71, 66, 54, 66, 71, 66, 71, 66, 98, 66, 94, 66, 71, 66, 105, 90, 66, 66, 66, 66, 66, 71, 71, 66, 94, 67, 90, 66, 495, 495, 76, 71, 67, 120, 141, 122, 66, 192, 78, 66, 109, 109, 186, 186, 117, 117, 182, 182, 92, 66, 96, 66, 67, 54, 123, 66, 76, 76, 284, 120, 63, 77, 579]",23909,54,1134,125.83684210526316,190,0,0.0,"{'1': 14, '65': 12}",{},108,9205,21,1024,85.23148148148148,5,True,False
https://www.malayporn.space/,8f24254a-3473-4c3b-801e-99b110a91299,2025-04-15 10:21:05,"{'eth': 226, 'ip': 226, 'udp': 170, 'DATA': 81, 'tcp': 56, 'tls': 18, 'dns': 28, 'quic': 66}",226,"[71, 67, 71, 71, 67, 67, 71, 67, 71, 67, 71, 67, 495, 77, 71, 67, 71, 67, 124, 77, 121, 75, 121, 76, 71, 67, 71, 67, 66, 66, 71, 67, 71, 67, 71, 120, 67, 122, 66, 71, 67, 121, 77, 71, 67, 123, 277, 78, 74, 66, 71, 247, 67, 66, 1354, 826, 1354, 277, 66, 66, 1354, 1354, 98, 66, 252, 78, 1354, 1354, 1354, 1354, 66, 66, 891, 128, 66, 75, 75, 125, 91, 1292, 1292, 123, 79, 79, 82, 95, 1292, 129, 1292, 1292, 122, 1292, 339, 672, 120, 73, 1288, 1288, 198, 825, 1288, 1292, 1292, 1084, 1109, 990, 82, 1292, 169, 75, 74, 1292, 351, 983, 76, 120, 73, 1288, 1292, 368, 265, 168, 67, 67, 67, 72, 73, 1288, 913, 77, 66, 886, 105, 77, 686, 308, 77, 690, 192, 77, 673, 669, 78, 68, 252, 73, 66, 105, 90, 66, 66, 66, 66, 66, 71, 67, 150, 168, 64, 77, 66, 71, 67, 109, 109, 186, 186, 117, 117, 182, 182, 109, 186, 71, 67, 71, 67, 54, 66, 109, 109, 186, 186, 117, 117, 182, 182, 54, 54, 66, 66, 54, 54, 66, 66, 96, 66, 77, 75, 77, 76, 495, 77, 71, 67, 120, 141, 122, 66, 192, 64, 77, 66, 71, 67, 71, 67, 71, 67, 71, 67, 71, 67, 54, 66, 295]",63044,54,1354,278.95575221238937,56,"[66, 66, 120, 122, 66, 78, 74, 66, 247, 66, 1354, 826, 1354, 277, 66, 66, 1354, 1354, 98, 66, 252, 78, 1354, 1354, 1354, 1354, 66, 66, 891, 128, 66, 105, 90, 66, 66, 66, 66, 66, 54, 66, 54, 54, 66, 66, 54, 54, 66, 66, 96, 66, 120, 122, 66, 54, 66, 295]",16759,54,1354,299.26785714285717,56,0,1,0,0.0,0.000128,0.07586,0.013061529411764706,170,170,"[71, 67, 71, 71, 67, 67, 71, 67, 71, 67, 71, 67, 495, 77, 71, 67, 71, 67, 124, 77, 121, 75, 121, 76, 71, 67, 71, 67, 71, 67, 71, 67, 71, 67, 71, 67, 121, 77, 71, 67, 123, 277, 71, 67, 75, 75, 125, 91, 1292, 1292, 123, 79, 79, 82, 95, 1292, 129, 1292, 1292, 122, 1292, 339, 672, 120, 73, 1288, 1288, 198, 825, 1288, 1292, 1292, 1084, 1109, 990, 82, 1292, 169, 75, 74, 1292, 351, 983, 76, 120, 73, 1288, 1292, 368, 265, 168, 67, 67, 67, 72, 73, 1288, 913, 77, 66, 886, 105, 77, 686, 308, 77, 690, 192, 77, 673, 669, 78, 68, 252, 73, 66, 71, 67, 150, 168, 64, 77, 66, 71, 67, 109, 109, 186, 186, 117, 117, 182, 182, 109, 186, 71, 67, 71, 67, 109, 109, 186, 186, 117, 117, 182, 182, 77, 75, 77, 76, 495, 77, 71, 67, 141, 192, 64, 77, 66, 71, 67, 71, 67, 71, 67, 71, 67, 71, 67]",46285,64,1292,272.2647058823529,0,28,0,226,"[71, 67, 71, 71, 67, 67, 71, 67, 71, 67, 71, 67, 495, 77, 71, 67, 71, 67, 124, 77, 121, 75, 121, 76, 71, 67, 71, 67, 66, 66, 71, 67, 71, 67, 71, 120, 67, 122, 66, 71, 67, 121, 77, 71, 67, 123, 277, 78, 74, 66, 71, 247, 67, 66, 1354, 826, 1354, 277, 66, 66, 1354, 1354, 98, 66, 252, 78, 1354, 1354, 1354, 1354, 66, 66, 891, 128, 66, 75, 75, 125, 91, 1292, 1292, 123, 79, 79, 82, 95, 1292, 129, 1292, 1292, 122, 1292, 339, 672, 120, 73, 1288, 1288, 198, 825, 1288, 1292, 1292, 1084, 1109, 990, 82, 1292, 169, 75, 74, 1292, 351, 983, 76, 120, 73, 1288, 1292, 368, 265, 168, 67, 67, 67, 72, 73, 1288, 913, 77, 66, 886, 105, 77, 686, 308, 77, 690, 192, 77, 673, 669, 78, 68, 252, 73, 66, 105, 90, 66, 66, 66, 66, 66, 71, 67, 150, 168, 64, 77, 66, 71, 67, 109, 109, 186, 186, 117, 117, 182, 182, 109, 186, 71, 67, 71, 67, 54, 66, 109, 109, 186, 186, 117, 117, 182, 182, 54, 54, 66, 66, 54, 54, 66, 66, 96, 66, 77, 75, 77, 76, 495, 77, 71, 67, 120, 141, 122, 66, 192, 64, 77, 66, 71, 67, 71, 67, 71, 67, 71, 67, 71, 67, 54, 66, 295]",63044,54,1354,278.95575221238937,226,0,0.0,"{'1': 16, '65': 12}",{},81,3618,22,453,46.38461538461539,5,True,False
https://www.malayporn.space/,63bddc22-2086-4ecc-8277-4db31c199f67,2025-04-15 10:21:25,"{'eth': 152, 'ip': 152, 'udp': 104, 'DATA': 88, 'tcp': 48, 'tls': 19, 'dns': 16}",152,"[71, 67, 71, 71, 67, 67, 98, 66, 94, 66, 71, 67, 71, 67, 495, 77, 54, 66, 71, 67, 71, 67, 77, 75, 71, 67, 124, 77, 71, 67, 109, 109, 186, 186, 117, 117, 182, 182, 71, 67, 71, 67, 71, 67, 121, 75, 54, 66, 71, 67, 90, 66, 94, 66, 71, 67, 71, 67, 120, 122, 66, 71, 67, 71, 67, 71, 67, 71, 67, 121, 77, 71, 67, 71, 67, 109, 109, 186, 186, 117, 117, 182, 182, 71, 67, 71, 67, 71, 67, 71, 67, 97, 66, 66, 66, 66, 71, 67, 90, 66, 94, 66, 71, 67, 90, 66, 94, 66, 54, 66, 71, 67, 307, 66, 328, 66, 94, 90, 66, 90, 66, 94, 66, 120, 122, 66, 66, 66, 495, 66, 495, 78, 285, 120, 63, 77, 355, 71, 75, 127, 79, 67, 66, 71, 67, 54, 66, 71, 67, 71, 67, 71]",14757,54,495,97.08552631578948,48,"[98, 66, 94, 66, 54, 66, 54, 66, 90, 66, 94, 66, 120, 122, 66, 97, 66, 66, 66, 66, 90, 66, 94, 66, 90, 66, 94, 66, 54, 66, 307, 66, 328, 66, 94, 90, 66, 90, 66, 94, 66, 120, 122, 66, 66, 66, 54, 66]",4194,54,328,87.375,48,1,0,0,2.083333333333333,9.4e-05,0.021924,0.005173095238095238,104,104,"[71, 67, 71, 71, 67, 67, 71, 67, 71, 67, 495, 77, 71, 67, 71, 67, 77, 75, 71, 67, 124, 77, 71, 67, 109, 109, 186, 186, 117, 117, 182, 182, 71, 67, 71, 67, 71, 67, 121, 75, 71, 67, 71, 67, 71, 67, 71, 67, 71, 67, 71, 67, 71, 67, 121, 77, 71, 67, 71, 67, 109, 109, 186, 186, 117, 117, 182, 182, 71, 67, 71, 67, 71, 67, 71, 67, 71, 67, 71, 67, 71, 67, 495, 66, 495, 78, 285, 120, 63, 77, 355, 71, 75, 127, 79, 67, 66, 71, 67, 71, 67, 71, 67, 71]",10563,63,495,101.5673076923077,0,16,0,152,"[71, 67, 71, 71, 67, 67, 98, 66, 94, 66, 71, 67, 71, 67, 495, 77, 54, 66, 71, 67, 71, 67, 77, 75, 71, 67, 124, 77, 71, 67, 109, 109, 186, 186, 117, 117, 182, 182, 71, 67, 71, 67, 71, 67, 121, 75, 54, 66, 71, 67, 90, 66, 94, 66, 71, 67, 71, 67, 120, 122, 66, 71, 67, 71, 67, 71, 67, 71, 67, 121, 77, 71, 67, 71, 67, 109, 109, 186, 186, 117, 117, 182, 182, 71, 67, 71, 67, 71, 67, 71, 67, 97, 66, 66, 66, 66, 71, 67, 90, 66, 94, 66, 71, 67, 90, 66, 94, 66, 54, 66, 71, 67, 307, 66, 328, 66, 94, 90, 66, 90, 66, 94, 66, 120, 122, 66, 66, 66, 495, 66, 495, 78, 285, 120, 63, 77, 355, 71, 75, 127, 79, 67, 66, 71, 67, 54, 66, 71, 67, 71, 67, 71]",14757,54,495,97.08552631578948,152,0,0.0,"{'1': 8, '65': 8}",{},88,4491,21,453,51.03409090909091,5,True,False
https://www.malayporn.space/,9da914a9-c11f-46ab-8f97-9788b7c5c58f,2025-04-15 10:21:45,"{'eth': 207, 'ip': 207, 'udp': 130, 'DATA': 88, 'dns': 48, 'tcp': 77, 'tls': 35}",207,"[71, 67, 109, 109, 186, 186, 117, 117, 182, 182, 71, 67, 71, 67, 71, 67, 71, 67, 495, 83, 68, 71, 67, 109, 109, 186, 186, 117, 117, 182, 182, 71, 67, 71, 71, 68, 71, 68, 121, 121, 76, 124, 75, 71, 67, 120, 122, 66, 71, 67, 71, 67, 71, 67, 121, 75, 71, 67, 71, 67, 71, 67, 84, 84, 176, 164, 87, 132, 176, 241, 89, 168, 78, 71, 67, 66, 54, 238, 295, 1354, 214, 1354, 214, 1354, 214, 1354, 214, 54, 54, 273, 66, 167, 54, 212, 105, 54, 295, 1354, 807, 54, 330, 83, 151, 54, 228, 54, 112, 112, 480, 452, 88, 148, 78, 66, 54, 571, 54, 153, 54, 484, 54, 1354, 1354, 1354, 1354, 1089, 54, 54, 128, 1354, 1144, 54, 513, 54, 54, 1354, 800, 54, 71, 67, 77, 75, 109, 109, 186, 186, 117, 117, 182, 182, 71, 67, 71, 67, 71, 67, 71, 67, 71, 67, 71, 67, 307, 328, 66, 71, 67, 71, 67, 109, 109, 186, 186, 117, 117, 182, 182, 71, 67, 66, 66, 71, 67, 71, 67, 98, 66, 94, 66, 120, 122, 66, 71, 67, 492, 75, 492, 76, 71, 67, 92, 66, 96, 66, 71, 67, 71]",41986,54,1354,202.83091787439614,77,"[120, 122, 66, 78, 66, 54, 238, 295, 1354, 214, 1354, 214, 1354, 214, 1354, 214, 54, 54, 273, 66, 167, 54, 212, 105, 54, 295, 1354, 807, 54, 330, 83, 151, 54, 228, 54, 78, 66, 54, 571, 54, 153, 54, 484, 54, 1354, 1354, 1354, 1354, 1089, 54, 54, 128, 1354, 1144, 54, 513, 54, 54, 1354, 800, 54, 307, 328, 66, 66, 66, 98, 66, 94, 66, 120, 122, 66, 92, 66, 96, 66]",27235,54,1354,353.7012987012987,77,0,0,0,0.0,7.1e-05,0.03271,0.007339176470588235,130,130,"[71, 67, 109, 109, 186, 186, 117, 117, 182, 182, 71, 67, 71, 67, 71, 67, 71, 67, 495, 83, 68, 71, 67, 109, 109, 186, 186, 117, 117, 182, 182, 71, 67, 71, 71, 68, 71, 68, 121, 121, 76, 124, 75, 71, 67, 71, 67, 71, 67, 71, 67, 121, 75, 71, 67, 71, 67, 71, 67, 84, 84, 176, 164, 87, 132, 176, 241, 89, 168, 71, 67, 112, 112, 480, 452, 88, 148, 71, 67, 77, 75, 109, 109, 186, 186, 117, 117, 182, 182, 71, 67, 71, 67, 71, 67, 71, 67, 71, 67, 71, 67, 71, 67, 71, 67, 109, 109, 186, 186, 117, 117, 182, 182, 71, 67, 71, 67, 71, 67, 71, 67, 492, 75, 492, 76, 71, 67, 71, 67, 71]",14751,67,495,113.46923076923076,0,48,0,207,"[71, 67, 109, 109, 186, 186, 117, 117, 182, 182, 71, 67, 71, 67, 71, 67, 71, 67, 495, 83, 68, 71, 67, 109, 109, 186, 186, 117, 117, 182, 182, 71, 67, 71, 71, 68, 71, 68, 121, 121, 76, 124, 75, 71, 67, 120, 122, 66, 71, 67, 71, 67, 71, 67, 121, 75, 71, 67, 71, 67, 71, 67, 84, 84, 176, 164, 87, 132, 176, 241, 89, 168, 78, 71, 67, 66, 54, 238, 295, 1354, 214, 1354, 214, 1354, 214, 1354, 214, 54, 54, 273, 66, 167, 54, 212, 105, 54, 295, 1354, 807, 54, 330, 83, 151, 54, 228, 54, 112, 112, 480, 452, 88, 148, 78, 66, 54, 571, 54, 153, 54, 484, 54, 1354, 1354, 1354, 1354, 1089, 54, 54, 128, 1354, 1144, 54, 513, 54, 54, 1354, 800, 54, 71, 67, 77, 75, 109, 109, 186, 186, 117, 117, 182, 182, 71, 67, 71, 67, 71, 67, 71, 67, 71, 67, 71, 67, 307, 328, 66, 71, 67, 71, 67, 109, 109, 186, 186, 117, 117, 182, 182, 71, 67, 66, 66, 71, 67, 71, 67, 98, 66, 94, 66, 120, 122, 66, 71, 67, 492, 75, 492, 76, 71, 67, 92, 66, 96, 66, 71, 67, 71]",41986,54,1354,202.83091787439614,207,0,0.0,"{'1': 20, '65': 22, '28': 2, '12': 4}",{},88,3762,25,453,45.8780487804878,5,True,False
https://www.malayporn.space/,a2679934-7943-421b-b7dd-ed3f750f42ab,2025-04-15 10:22:05,"{'eth': 412, 'ip': 411, 'udp': 327, 'DATA': 127, 'dns': 48, 'quic': 164, 'tcp': 84, 'tls': 38, 'arp': 1}",412,"[67, 109, 109, 186, 186, 117, 117, 182, 182, 71, 67, 71, 67, 71, 67, 71, 67, 71, 67, 495, 75, 77, 75, 71, 67, 71, 67, 71, 67, 71, 67, 71, 71, 67, 67, 71, 67, 71, 67, 124, 66, 75, 91, 91, 107, 151, 1292, 1292, 119, 576, 82, 1292, 1292, 1292, 345, 989, 80, 66, 1292, 350, 120, 73, 155, 162, 75, 241, 63, 79, 75, 398, 69, 71, 75, 121, 75, 146, 79, 67, 307, 120, 122, 66, 109, 109, 186, 186, 117, 117, 182, 66, 182, 329, 66, 71, 67, 71, 67, 71, 67, 71, 67, 71, 121, 75, 67, 54, 66, 66, 66, 71, 67, 154, 105, 66, 105, 82, 66, 71, 114, 1292, 1292, 124, 303, 67, 82, 80, 80, 127, 169, 82, 1292, 71, 75, 78, 1292, 335, 672, 120, 73, 1288, 1288, 528, 454, 1288, 474, 1288, 896, 1288, 479, 169, 67, 71, 67, 975, 66, 97, 73, 66, 101, 72, 1292, 1292, 121, 1288, 1279, 71, 73, 71, 92, 82, 1292, 156, 161, 92, 109, 109, 86, 86, 146, 102, 186, 176, 1035, 63, 1292, 79, 1292, 341, 993, 120, 73, 68, 66, 186, 346, 1292, 67, 155, 162, 75, 1292, 1292, 122, 66, 74, 117, 117, 82, 1292, 64, 75, 182, 182, 1292, 336, 994, 120, 73, 1288, 1288, 1292, 528, 1288, 1151, 1288, 710, 169, 66, 73, 74, 1288, 569, 63, 75, 79, 69, 74, 66, 1354, 759, 1288, 65, 77, 65, 1022, 295, 77, 1005, 148, 77, 65, 74, 887, 667, 79, 79, 156, 75, 141, 65, 666, 77, 299, 74, 66, 688, 77, 264, 668, 77, 213, 66, 73, 66, 1354, 1354, 1354, 1354, 638, 66, 66, 130, 158, 1354, 1354, 963, 66, 66, 245, 137, 66, 66, 97, 71, 67, 1209, 97, 66, 54, 66, 66, 54, 66, 71, 67, 71, 67, 71, 67, 71, 67, 71, 67, 71, 67, 71, 67, 71, 67, 54, 66, 71, 67, 894, 128, 66, 71, 67, 60, 71, 67, 94, 90, 66, 76, 72, 75, 714, 71, 75, 1007, 100, 79, 67, 75, 75, 135, 91, 1292, 1292, 119, 902, 82, 1292, 1292, 347, 67, 986, 120, 73, 64, 162, 73, 570, 71, 67, 78, 67, 71, 67, 71, 67, 71, 67, 90, 66, 94, 66, 71, 67, 120, 122, 66, 71, 67, 90, 66, 94, 66, 90, 66, 94, 66, 54, 66, 71, 67, 493, 75, 71, 67, 71, 67, 71, 67, 295, 66, 273, 66, 71, 67, 71]",118877,54,1354,288.5364077669903,84,"[307, 120, 122, 66, 66, 329, 66, 54, 66, 66, 66, 154, 105, 66, 105, 66, 78, 975, 66, 97, 66, 101, 66, 74, 66, 1354, 759, 66, 1354, 1354, 1354, 1354, 638, 66, 66, 130, 158, 1354, 1354, 963, 66, 66, 245, 137, 66, 66, 97, 1209, 97, 66, 54, 66, 66, 54, 66, 54, 66, 894, 128, 66, 94, 90, 66, 90, 66, 94, 66, 120, 122, 66, 90, 66, 94, 66, 90, 66, 94, 66, 54, 66, 295, 66, 273, 66]",21692,54,1354,258.23809523809524,84,0,0,0,0.0,2.3e-05,0.115772,0.018258636363636366,327,327,"[67, 109, 109, 186, 186, 117, 117, 182, 182, 71, 67, 71, 67, 71, 67, 71, 67, 71, 67, 495, 75, 77, 75, 71, 67, 71, 67, 71, 67, 71, 67, 71, 71, 67, 67, 71, 67, 71, 67, 124, 66, 75, 91, 91, 107, 151, 1292, 1292, 119, 576, 82, 1292, 1292, 1292, 345, 989, 80, 66, 1292, 350, 120, 73, 155, 162, 75, 241, 63, 79, 75, 398, 69, 71, 75, 121, 75, 146, 79, 67, 109, 109, 186, 186, 117, 117, 182, 182, 71, 67, 71, 67, 71, 67, 71, 67, 71, 121, 75, 67, 71, 67, 82, 71, 114, 1292, 1292, 124, 303, 67, 82, 80, 80, 127, 169, 82, 1292, 71, 75, 1292, 335, 672, 120, 73, 1288, 1288, 528, 454, 1288, 474, 1288, 896, 1288, 479, 169, 67, 71, 67, 73, 72, 1292, 1292, 121, 1288, 1279, 71, 73, 71, 92, 82, 1292, 156, 161, 92, 109, 109, 86, 86, 146, 102, 186, 176, 1035, 63, 1292, 79, 1292, 341, 993, 120, 73, 68, 66, 186, 346, 1292, 67, 155, 162, 75, 1292, 1292, 122, 66, 74, 117, 117, 82, 1292, 64, 75, 182, 182, 1292, 336, 994, 120, 73, 1288, 1288, 1292, 528, 1288, 1151, 1288, 710, 169, 73, 74, 1288, 569, 63, 75, 79, 69, 1288, 65, 77, 65, 1022, 295, 77, 1005, 148, 77, 65, 74, 887, 667, 79, 79, 156, 75, 141, 65, 666, 77, 299, 74, 66, 688, 77, 264, 668, 77, 213, 66, 73, 71, 67, 71, 67, 71, 67, 71, 67, 71, 67, 71, 67, 71, 67, 71, 67, 71, 67, 71, 67, 71, 67, 71, 67, 76, 72, 75, 714, 71, 75, 1007, 100, 79, 67, 75, 75, 135, 91, 1292, 1292, 119, 902, 82, 1292, 1292, 347, 67, 986, 120, 73, 64, 162, 73, 570, 71, 67, 78, 67, 71, 67, 71, 67, 71, 67, 71, 67, 71, 67, 71, 67, 493, 75, 71, 67, 71, 67, 71, 67, 71, 67, 71]",97125,63,1292,297.0183486238532,0,48,0,411,"[67, 109, 109, 186, 186, 117, 117, 182, 182, 71, 67, 71, 67, 71, 67, 71, 67, 71, 67, 495, 75, 77, 75, 71, 67, 71, 67, 71, 67, 71, 67, 71, 71, 67, 67, 71, 67, 71, 67, 124, 66, 75, 91, 91, 107, 151, 1292, 1292, 119, 576, 82, 1292, 1292, 1292, 345, 989, 80, 66, 1292, 350, 120, 73, 155, 162, 75, 241, 63, 79, 75, 398, 69, 71, 75, 121, 75, 146, 79, 67, 307, 120, 122, 66, 109, 109, 186, 186, 117, 117, 182, 66, 182, 329, 66, 71, 67, 71, 67, 71, 67, 71, 67, 71, 121, 75, 67, 54, 66, 66, 66, 71, 67, 154, 105, 66, 105, 82, 66, 71, 114, 1292, 1292, 124, 303, 67, 82, 80, 80, 127, 169, 82, 1292, 71, 75, 78, 1292, 335, 672, 120, 73, 1288, 1288, 528, 454, 1288, 474, 1288, 896, 1288, 479, 169, 67, 71, 67, 975, 66, 97, 73, 66, 101, 72, 1292, 1292, 121, 1288, 1279, 71, 73, 71, 92, 82, 1292, 156, 161, 92, 109, 109, 86, 86, 146, 102, 186, 176, 1035, 63, 1292, 79, 1292, 341, 993, 120, 73, 68, 66, 186, 346, 1292, 67, 155, 162, 75, 1292, 1292, 122, 66, 74, 117, 117, 82, 1292, 64, 75, 182, 182, 1292, 336, 994, 120, 73, 1288, 1288, 1292, 528, 1288, 1151, 1288, 710, 169, 66, 73, 74, 1288, 569, 63, 75, 79, 69, 74, 66, 1354, 759, 1288, 65, 77, 65, 1022, 295, 77, 1005, 148, 77, 65, 74, 887, 667, 79, 79, 156, 75, 141, 65, 666, 77, 299, 74, 66, 688, 77, 264, 668, 77, 213, 66, 73, 66, 1354, 1354, 1354, 1354, 638, 66, 66, 130, 158, 1354, 1354, 963, 66, 66, 245, 137, 66, 66, 97, 71, 67, 1209, 97, 66, 54, 66, 66, 54, 66, 71, 67, 71, 67, 71, 67, 71, 67, 71, 67, 71, 67, 71, 67, 71, 67, 54, 66, 71, 67, 894, 128, 66, 71, 67, 71, 67, 94, 90, 66, 76, 72, 75, 714, 71, 75, 1007, 100, 79, 67, 75, 75, 135, 91, 1292, 1292, 119, 902, 82, 1292, 1292, 347, 67, 986, 120, 73, 64, 162, 73, 570, 71, 67, 78, 67, 71, 67, 71, 67, 71, 67, 90, 66, 94, 66, 71, 67, 120, 122, 66, 71, 67, 90, 66, 94, 66, 90, 66, 94, 66, 54, 66, 71, 67, 493, 75, 71, 67, 71, 67, 71, 67, 295, 66, 273, 66, 71, 67, 71]",118817,54,1354,289.0924574209246,411,0,0.0,"{'1': 24, '65': 24}",{},127,7676,21,993,61.903225806451616,5,True,False
https://www.malayporn.space/,62e4f407-68c2-43e4-bf34-5ac1f371c0b1,2025-04-15 10:22:26,"{'eth': 247, 'ip': 247, 'udp': 144, 'DATA': 118, 'hipercontracer': 1, 'dns': 30, 'tcp': 103, 'tls': 32}",247,"[115, 63, 79, 67, 1121, 65, 79, 251, 67, 120, 63, 77, 769, 71, 75, 144, 65, 79, 286, 67, 66, 91, 63, 77, 341, 71, 75, 1098, 79, 66, 67, 71, 67, 71, 67, 71, 67, 71, 67, 71, 67, 71, 67, 79, 79, 289, 345, 78, 74, 66, 1354, 874, 66, 66, 165, 66, 976, 347, 66, 140, 158, 342, 66, 137, 66, 97, 1354, 1354, 1354, 1354, 1354, 1354, 1354, 1354, 1354, 1354, 1354, 66, 66, 1354, 1354, 66, 66, 1354, 1354, 1354, 1354, 1354, 1354, 1354, 1354, 1354, 1354, 1354, 1354, 1354, 1354, 66, 66, 66, 1354, 1354, 1354, 1354, 1354, 1354, 66, 66, 1354, 1354, 1354, 1354, 66, 66, 1354, 1354, 1354, 1354, 137, 66, 66, 71, 90, 66, 94, 67, 66, 120, 122, 66, 71, 67, 121, 75, 71, 67, 71, 67, 54, 66, 90, 66, 94, 66, 71, 67, 71, 67, 71, 67, 71, 67, 122, 75, 71, 67, 66, 66, 71, 90, 66, 94, 67, 66, 71, 67, 109, 109, 186, 186, 117, 117, 182, 182, 71, 67, 109, 109, 186, 186, 117, 117, 182, 182, 109, 186, 77, 75, 71, 67, 71, 67, 109, 109, 71, 186, 186, 67, 117, 117, 182, 182, 71, 67, 71, 67, 71, 67, 71, 67, 71, 67, 71, 67, 90, 66, 94, 66, 120, 122, 66, 71, 67, 493, 493, 493, 76, 78, 493, 78, 71, 67, 307, 152, 71, 333, 66, 157, 64, 77, 66, 73, 71, 67, 493, 75, 71]",83207,54,1354,336.87044534412956,103,"[78, 74, 66, 1354, 874, 66, 66, 165, 66, 976, 347, 66, 140, 158, 342, 66, 137, 66, 97, 1354, 1354, 1354, 1354, 1354, 1354, 1354, 1354, 1354, 1354, 1354, 66, 66, 1354, 1354, 66, 66, 1354, 1354, 1354, 1354, 1354, 1354, 1354, 1354, 1354, 1354, 1354, 1354, 1354, 1354, 66, 66, 66, 1354, 1354, 1354, 1354, 1354, 1354, 66, 66, 1354, 1354, 1354, 1354, 66, 66, 1354, 1354, 1354, 1354, 137, 66, 66, 90, 66, 94, 66, 120, 122, 66, 54, 66, 90, 66, 94, 66, 66, 66, 90, 66, 94, 66, 90, 66, 94, 66, 120, 122, 66, 307, 333, 66]",64551,54,1354,626.7087378640776,103,0,0,0,0.0,3.6e-05,0.021725,0.0035573548387096776,144,144,"[115, 63, 79, 67, 1121, 65, 79, 251, 67, 120, 63, 77, 769, 71, 75, 144, 65, 79, 286, 67, 66, 91, 63, 77, 341, 71, 75, 1098, 79, 66, 67, 71, 67, 71, 67, 71, 67, 71, 67, 71, 67, 71, 67, 79, 79, 289, 345, 71, 67, 71, 67, 121, 75, 71, 67, 71, 67, 71, 67, 71, 67, 71, 67, 71, 67, 122, 75, 71, 67, 71, 67, 71, 67, 109, 109, 186, 186, 117, 117, 182, 182, 71, 67, 109, 109, 186, 186, 117, 117, 182, 182, 109, 186, 77, 75, 71, 67, 71, 67, 109, 109, 71, 186, 186, 67, 117, 117, 182, 182, 71, 67, 71, 67, 71, 67, 71, 67, 71, 67, 71, 67, 71, 67, 493, 493, 493, 76, 78, 493, 78, 71, 67, 152, 71, 157, 64, 77, 66, 73, 71, 67, 493, 75, 71]",18656,63,1121,129.55555555555554,0,30,0,247,"[115, 63, 79, 67, 1121, 65, 79, 251, 67, 120, 63, 77, 769, 71, 75, 144, 65, 79, 286, 67, 66, 91, 63, 77, 341, 71, 75, 1098, 79, 66, 67, 71, 67, 71, 67, 71, 67, 71, 67, 71, 67, 71, 67, 79, 79, 289, 345, 78, 74, 66, 1354, 874, 66, 66, 165, 66, 976, 347, 66, 140, 158, 342, 66, 137, 66, 97, 1354, 1354, 1354, 1354, 1354, 1354, 1354, 1354, 1354, 1354, 1354, 66, 66, 1354, 1354, 66, 66, 1354, 1354, 1354, 1354, 1354, 1354, 1354, 1354, 1354, 1354, 1354, 1354, 1354, 1354, 66, 66, 66, 1354, 1354, 1354, 1354, 1354, 1354, 66, 66, 1354, 1354, 1354, 1354, 66, 66, 1354, 1354, 1354, 1354, 137, 66, 66, 71, 90, 66, 94, 67, 66, 120, 122, 66, 71, 67, 121, 75, 71, 67, 71, 67, 54, 66, 90, 66, 94, 66, 71, 67, 71, 67, 71, 67, 71, 67, 122, 75, 71, 67, 66, 66, 71, 90, 66, 94, 67, 66, 71, 67, 109, 109, 186, 186, 117, 117, 182, 182, 71, 67, 109, 109, 186, 186, 117, 117, 182, 182, 109, 186, 77, 75, 71, 67, 71, 67, 109, 109, 71, 186, 186, 67, 117, 117, 182, 182, 71, 67, 71, 67, 71, 67, 71, 67, 71, 67, 71, 67, 90, 66, 94, 66, 120, 122, 66, 71, 67, 493, 493, 493, 76, 78, 493, 78, 71, 67, 307, 152, 71, 333, 66, 157, 64, 77, 66, 73, 71, 67, 493, 75, 71]",83207,54,1354,336.87044534412956,247,0,0.0,"{'1': 16, '65': 14}",{},118,9193,21,1079,81.35398230088495,5,True,False
https://www.malayporn.space/,267c64ab-4ef0-43df-ba4b-4dd5580494e1,2025-04-15 10:22:46,"{'eth': 175, 'ip': 175, 'udp': 132, 'DATA': 108, 'tcp': 43, 'tls': 19, 'dns': 24}",175,"[121, 75, 67, 71, 67, 71, 67, 71, 67, 71, 67, 71, 67, 71, 67, 160, 140, 142, 142, 70, 70, 73, 188, 64, 128, 77, 128, 78, 128, 65, 78, 128, 75, 66, 71, 67, 96, 66, 71, 67, 120, 122, 66, 71, 66, 122, 75, 109, 109, 71, 186, 186, 67, 117, 117, 182, 182, 71, 67, 71, 67, 295, 66, 273, 66, 71, 67, 78, 54, 54, 54, 54, 54, 122, 75, 71, 67, 71, 67, 90, 66, 94, 66, 71, 67, 71, 67, 71, 67, 71, 67, 109, 109, 186, 186, 117, 117, 182, 182, 109, 109, 186, 186, 117, 117, 182, 182, 54, 66, 1134, 66, 54, 66, 98, 66, 94, 66, 307, 66, 330, 66, 71, 67, 76, 71, 75, 716, 71, 75, 1003, 100, 79, 67, 94, 90, 66, 71, 67, 71, 67, 71, 67, 71, 67, 71, 67, 71, 67, 120, 122, 66, 71, 67, 142, 192, 78, 66, 71, 67, 92, 66, 96, 66, 493, 493, 76, 71, 67, 71, 67, 493, 75, 71, 67, 71]",20255,54,1134,115.74285714285715,43,"[96, 66, 120, 122, 66, 295, 66, 273, 66, 78, 54, 54, 54, 54, 54, 90, 66, 94, 66, 54, 66, 1134, 66, 54, 66, 98, 66, 94, 66, 307, 66, 330, 66, 94, 90, 66, 120, 122, 66, 92, 66, 96, 66]",5245,54,1134,121.97674418604652,43,0,0,0,0.0,0.000128,0.061696,0.010725857142857143,132,132,"[121, 75, 67, 71, 67, 71, 67, 71, 67, 71, 67, 71, 67, 71, 67, 160, 140, 142, 142, 70, 70, 73, 188, 64, 128, 77, 128, 78, 128, 65, 78, 128, 75, 66, 71, 67, 71, 67, 71, 66, 122, 75, 109, 109, 71, 186, 186, 67, 117, 117, 182, 182, 71, 67, 71, 67, 71, 67, 122, 75, 71, 67, 71, 67, 71, 67, 71, 67, 71, 67, 71, 67, 109, 109, 186, 186, 117, 117, 182, 182, 109, 109, 186, 186, 117, 117, 182, 182, 71, 67, 76, 71, 75, 716, 71, 75, 1003, 100, 79, 67, 71, 67, 71, 67, 71, 67, 71, 67, 71, 67, 71, 67, 71, 67, 142, 192, 78, 66, 71, 67, 493, 493, 76, 71, 67, 71, 67, 493, 75, 71, 67, 71]",15010,64,1003,113.71212121212122,0,24,0,175,"[121, 75, 67, 71, 67, 71, 67, 71, 67, 71, 67, 71, 67, 71, 67, 160, 140, 142, 142, 70, 70, 73, 188, 64, 128, 77, 128, 78, 128, 65, 78, 128, 75, 66, 71, 67, 96, 66, 71, 67, 120, 122, 66, 71, 66, 122, 75, 109, 109, 71, 186, 186, 67, 117, 117, 182, 182, 71, 67, 71, 67, 295, 66, 273, 66, 71, 67, 78, 54, 54, 54, 54, 54, 122, 75, 71, 67, 71, 67, 90, 66, 94, 66, 71, 67, 71, 67, 71, 67, 71, 67, 109, 109, 186, 186, 117, 117, 182, 182, 109, 109, 186, 186, 117, 117, 182, 182, 54, 66, 1134, 66, 54, 66, 98, 66, 94, 66, 307, 66, 330, 66, 71, 67, 76, 71, 75, 716, 71, 75, 1003, 100, 79, 67, 94, 90, 66, 71, 67, 71, 67, 71, 67, 71, 67, 71, 67, 71, 67, 120, 122, 66, 71, 67, 142, 192, 78, 66, 71, 67, 92, 66, 96, 66, 493, 493, 76, 71, 67, 71, 67, 493, 75, 71, 67, 71]",20255,54,1134,115.74285714285715,175,0,0.0,"{'1': 12, '65': 12}",{},108,6910,22,961,63.98148148148148,5,True,False
https://www.malayporn.space/,c2ee9f71-39a3-4637-a4be-7d0b7d49942c,2025-04-15 10:23:06,"{'eth': 435, 'ip': 433, 'udp': 315, 'DATA': 118, 'dns': 34, 'tcp': 118, 'tls': 41, 'quic': 170, 'arp': 2}",435,"[121, 75, 71, 67, 71, 67, 71, 67, 71, 67, 71, 67, 94, 94, 366, 389, 136, 223, 78, 74, 66, 366, 66, 54, 1354, 826, 1354, 66, 1059, 66, 66, 66, 192, 186, 66, 159, 424, 104, 66, 104, 66, 391, 66, 71, 67, 71, 67, 120, 122, 66, 71, 67, 122, 493, 88, 122, 76, 149, 105, 1354, 1354, 1354, 1354, 1354, 1354, 1354, 595, 545, 82, 66, 66, 66, 66, 105, 66, 66, 66, 66, 377, 1292, 1292, 1292, 117, 75, 77, 75, 71, 91, 82, 82, 75, 1292, 1292, 75, 91, 91, 151, 125, 107, 1292, 338, 994, 120, 73, 1288, 1288, 1292, 541, 169, 67, 71, 67, 73, 116, 64, 79, 1292, 1292, 1292, 121, 512, 1292, 1292, 118, 82, 82, 1292, 1292, 67, 82, 1292, 1120, 65, 79, 344, 1292, 996, 338, 73, 66, 151, 67, 69, 73, 1292, 350, 120, 1288, 1288, 540, 672, 1288, 66, 487, 966, 77, 196, 1288, 697, 821, 1181, 762, 1288, 1292, 1292, 710, 162, 169, 842, 66, 97, 66, 101, 67, 71, 67, 74, 71, 73, 1292, 1292, 1292, 788, 73, 69, 69, 73, 73, 73, 73, 73, 73, 67, 65, 65, 314, 63, 160, 77, 77, 63, 553, 1285, 1292, 822, 67, 67, 71, 67, 74, 74, 66, 144, 65, 74, 323, 79, 67, 999, 64, 79, 67, 66, 114, 63, 77, 558, 71, 75, 1261, 79, 66, 67, 888, 685, 78, 86, 670, 130, 77, 253, 668, 292, 73, 77, 666, 123, 77, 672, 673, 78, 236, 85, 73, 676, 263, 77, 66, 105, 90, 66, 66, 66, 66, 71, 67, 66, 71, 67, 71, 67, 71, 67, 122, 75, 71, 67, 71, 67, 71, 67, 71, 67, 150, 109, 109, 186, 186, 168, 64, 77, 117, 117, 182, 182, 66, 71, 67, 90, 66, 94, 66, 75, 75, 77, 91, 135, 75, 1292, 1292, 122, 607, 82, 1292, 1292, 342, 120, 986, 67, 64, 73, 162, 73, 570, 64, 77, 67, 307, 71, 67, 330, 66, 54, 66, 71, 67, 90, 66, 94, 66, 90, 66, 94, 71, 66, 67, 54, 66, 71, 67, 71, 67, 71, 67, 71, 67, 71, 67, 54, 66, 109, 109, 186, 186, 117, 117, 182, 182, 71, 67, 54, 66, 90, 66, 94, 66, 71, 67, 66, 66, 71, 67, 158, 66, 97, 66, 66, 66, 894, 66, 78, 42, 78, 128, 66, 42, 66, 66, 107, 66, 120, 1354, 597, 66, 66, 66, 66, 66, 122, 66, 141, 192, 64, 77, 66, 71, 67, 295, 273, 66, 1046, 810, 70, 74, 65, 75, 717, 79, 108, 75, 672, 120, 77, 66, 493]",126659,42,1354,291.17011494252876,118,"[78, 74, 66, 366, 66, 54, 1354, 826, 1354, 66, 1059, 66, 66, 66, 192, 186, 66, 159, 424, 104, 66, 104, 66, 391, 66, 120, 122, 66, 149, 105, 1354, 1354, 1354, 1354, 1354, 1354, 1354, 595, 66, 66, 66, 66, 105, 66, 66, 66, 66, 842, 66, 97, 66, 101, 66, 105, 90, 66, 66, 66, 66, 66, 90, 66, 94, 66, 307, 330, 66, 54, 66, 90, 66, 94, 66, 90, 66, 94, 66, 54, 66, 54, 66, 54, 66, 90, 66, 94, 66, 66, 66, 158, 66, 97, 66, 66, 66, 894, 66, 78, 78, 128, 66, 66, 66, 107, 66, 120, 1354, 597, 66, 66, 66, 66, 66, 122, 66, 295, 273, 66]",28352,54,1354,240.27118644067798,118,0,0,0,0.0,5.7e-05,0.073751,0.007396235294117647,315,315,"[121, 75, 71, 67, 71, 67, 71, 67, 71, 67, 71, 67, 94, 94, 366, 389, 136, 223, 71, 67, 71, 67, 71, 67, 122, 493, 88, 122, 76, 545, 82, 377, 1292, 1292, 1292, 117, 75, 77, 75, 71, 91, 82, 82, 75, 1292, 1292, 75, 91, 91, 151, 125, 107, 1292, 338, 994, 120, 73, 1288, 1288, 1292, 541, 169, 67, 71, 67, 73, 116, 64, 79, 1292, 1292, 1292, 121, 512, 1292, 1292, 118, 82, 82, 1292, 1292, 67, 82, 1292, 1120, 65, 79, 344, 1292, 996, 338, 73, 66, 151, 67, 69, 73, 1292, 350, 120, 1288, 1288, 540, 672, 1288, 66, 487, 966, 77, 196, 1288, 697, 821, 1181, 762, 1288, 1292, 1292, 710, 162, 169, 67, 71, 67, 74, 71, 73, 1292, 1292, 1292, 788, 73, 69, 69, 73, 73, 73, 73, 73, 73, 67, 65, 65, 314, 63, 160, 77, 77, 63, 553, 1285, 1292, 822, 67, 67, 71, 67, 74, 74, 66, 144, 65, 74, 323, 79, 67, 999, 64, 79, 67, 114, 63, 77, 558, 71, 75, 1261, 79, 66, 67, 888, 685, 78, 86, 670, 130, 77, 253, 668, 292, 73, 77, 666, 123, 77, 672, 673, 78, 236, 85, 73, 676, 263, 77, 66, 71, 67, 71, 67, 71, 67, 71, 67, 122, 75, 71, 67, 71, 67, 71, 67, 71, 67, 150, 109, 109, 186, 186, 168, 64, 77, 117, 117, 182, 182, 66, 71, 67, 75, 75, 77, 91, 135, 75, 1292, 1292, 122, 607, 82, 1292, 1292, 342, 120, 986, 67, 64, 73, 162, 73, 570, 64, 77, 67, 71, 67, 71, 67, 71, 67, 71, 67, 71, 67, 71, 67, 71, 67, 71, 67, 109, 109, 186, 186, 117, 117, 182, 182, 71, 67, 71, 67, 71, 67, 141, 192, 64, 77, 66, 71, 67, 1046, 810, 70, 74, 65, 75, 717, 79, 108, 75, 672, 120, 77, 66, 493]",98223,63,1292,311.81904761904764,0,34,0,433,"[121, 75, 71, 67, 71, 67, 71, 67, 71, 67, 71, 67, 94, 94, 366, 389, 136, 223, 78, 74, 66, 366, 66, 54, 1354, 826, 1354, 66, 1059, 66, 66, 66, 192, 186, 66, 159, 424, 104, 66, 104, 66, 391, 66, 71, 67, 71, 67, 120, 122, 66, 71, 67, 122, 493, 88, 122, 76, 149, 105, 1354, 1354, 1354, 1354, 1354, 1354, 1354, 595, 545, 82, 66, 66, 66, 66, 105, 66, 66, 66, 66, 377, 1292, 1292, 1292, 117, 75, 77, 75, 71, 91, 82, 82, 75, 1292, 1292, 75, 91, 91, 151, 125, 107, 1292, 338, 994, 120, 73, 1288, 1288, 1292, 541, 169, 67, 71, 67, 73, 116, 64, 79, 1292, 1292, 1292, 121, 512, 1292, 1292, 118, 82, 82, 1292, 1292, 67, 82, 1292, 1120, 65, 79, 344, 1292, 996, 338, 73, 66, 151, 67, 69, 73, 1292, 350, 120, 1288, 1288, 540, 672, 1288, 66, 487, 966, 77, 196, 1288, 697, 821, 1181, 762, 1288, 1292, 1292, 710, 162, 169, 842, 66, 97, 66, 101, 67, 71, 67, 74, 71, 73, 1292, 1292, 1292, 788, 73, 69, 69, 73, 73, 73, 73, 73, 73, 67, 65, 65, 314, 63, 160, 77, 77, 63, 553, 1285, 1292, 822, 67, 67, 71, 67, 74, 74, 66, 144, 65, 74, 323, 79, 67, 999, 64, 79, 67, 66, 114, 63, 77, 558, 71, 75, 1261, 79, 66, 67, 888, 685, 78, 86, 670, 130, 77, 253, 668, 292, 73, 77, 666, 123, 77, 672, 673, 78, 236, 85, 73, 676, 263, 77, 66, 105, 90, 66, 66, 66, 66, 71, 67, 66, 71, 67, 71, 67, 71, 67, 122, 75, 71, 67, 71, 67, 71, 67, 71, 67, 150, 109, 109, 186, 186, 168, 64, 77, 117, 117, 182, 182, 66, 71, 67, 90, 66, 94, 66, 75, 75, 77, 91, 135, 75, 1292, 1292, 122, 607, 82, 1292, 1292, 342, 120, 986, 67, 64, 73, 162, 73, 570, 64, 77, 67, 307, 71, 67, 330, 66, 54, 66, 71, 67, 90, 66, 94, 66, 90, 66, 94, 71, 66, 67, 54, 66, 71, 67, 71, 67, 71, 67, 71, 67, 71, 67, 54, 66, 109, 109, 186, 186, 117, 117, 182, 182, 71, 67, 54, 66, 90, 66, 94, 66, 71, 67, 66, 66, 71, 67, 158, 66, 97, 66, 66, 66, 894, 66, 78, 78, 128, 66, 66, 66, 107, 66, 120, 1354, 597, 66, 66, 66, 66, 66, 122, 66, 141, 192, 64, 77, 66, 71, 67, 295, 273, 66, 1046, 810, 70, 74, 65, 75, 717, 79, 108, 75, 672, 120, 77, 66, 493]",126575,54,1354,292.32101616628177,433,0,0.0,"{'1': 16, '28': 4, '65': 14}",{},118,12932,22,1250,111.48275862068965,5,True,False
https://www.malayporn.space/,52e1cb57-57cd-49cf-9b06-639e97abd90f,2025-04-15 10:23:26,"{'eth': 132, 'ip': 132, 'udp': 108, 'DATA': 76, 'tcp': 24, 'tls': 11, 'dns': 32}",132,"[71, 67, 71, 67, 71, 67, 71, 67, 71, 67, 71, 67, 71, 67, 120, 308, 330, 66, 122, 66, 71, 67, 494, 494, 76, 122, 76, 71, 67, 71, 67, 494, 75, 71, 67, 71, 68, 71, 68, 71, 68, 71, 68, 71, 68, 54, 54, 66, 66, 122, 75, 71, 71, 68, 67, 66, 66, 71, 90, 66, 94, 68, 66, 109, 109, 186, 186, 117, 117, 182, 182, 96, 66, 109, 109, 186, 186, 117, 117, 182, 182, 71, 68, 109, 109, 186, 186, 117, 117, 182, 182, 71, 68, 144, 71, 74, 157, 78, 94, 66, 90, 66, 71, 67, 120, 122, 66, 77, 75, 71, 67, 71, 67, 109, 109, 186, 186, 117, 117, 182, 71, 182, 67, 71, 67, 71, 67, 71, 67, 71, 67, 494]",14447,54,494,109.4469696969697,24,"[120, 308, 330, 66, 122, 66, 54, 54, 66, 66, 66, 66, 90, 66, 94, 66, 96, 66, 94, 90, 66, 120, 122, 66]",2420,54,330,100.83333333333333,24,0,0,0,0.0,0.000173,0.057908,0.010978727272727272,108,108,"[71, 67, 71, 67, 71, 67, 71, 67, 71, 67, 71, 67, 71, 67, 71, 67, 494, 494, 76, 122, 76, 71, 67, 71, 67, 494, 75, 71, 67, 71, 68, 71, 68, 71, 68, 71, 68, 71, 68, 122, 75, 71, 71, 68, 67, 71, 68, 109, 109, 186, 186, 117, 117, 182, 182, 109, 109, 186, 186, 117, 117, 182, 182, 71, 68, 109, 109, 186, 186, 117, 117, 182, 182, 71, 68, 144, 71, 74, 157, 78, 66, 71, 67, 77, 75, 71, 67, 71, 67, 109, 109, 186, 186, 117, 117, 182, 71, 182, 67, 71, 67, 71, 67, 71, 67, 71, 67, 494]",12027,66,494,111.36111111111111,0,32,0,132,"[71, 67, 71, 67, 71, 67, 71, 67, 71, 67, 71, 67, 71, 67, 120, 308, 330, 66, 122, 66, 71, 67, 494, 494, 76, 122, 76, 71, 67, 71, 67, 494, 75, 71, 67, 71, 68, 71, 68, 71, 68, 71, 68, 71, 68, 54, 54, 66, 66, 122, 75, 71, 71, 68, 67, 66, 66, 71, 90, 66, 94, 68, 66, 109, 109, 186, 186, 117, 117, 182, 182, 96, 66, 109, 109, 186, 186, 117, 117, 182, 182, 71, 68, 109, 109, 186, 186, 117, 117, 182, 182, 71, 68, 144, 71, 74, 157, 78, 94, 66, 90, 66, 71, 67, 120, 122, 66, 77, 75, 71, 67, 71, 67, 109, 109, 186, 186, 117, 117, 182, 71, 182, 67, 71, 67, 71, 67, 71, 67, 71, 67, 494]",14447,54,494,109.4469696969697,132,0,0.0,"{'1': 16, '65': 16}",{},76,4083,24,452,53.723684210526315,5,True,False
https://www.malayporn.space/,9cfe3e45-427c-466f-9d02-c3b334ec52e9,2025-04-15 10:23:48,"{'eth': 1059, 'ip': 1050, 'udp': 234, 'DATA': 186, 'tcp': 816, 'dns': 50, 'tls': 318, 'arp': 9, 'quic': 29}",1059,"[71, 68, 122, 75, 66, 66, 71, 68, 71, 67, 71, 68, 109, 109, 186, 186, 117, 117, 182, 182, 71, 68, 71, 68, 71, 68, 71, 68, 120, 122, 66, 71, 68, 71, 68, 123, 75, 295, 66, 273, 66, 495, 75, 71, 68, 109, 109, 186, 186, 117, 117, 182, 182, 71, 68, 71, 68, 71, 68, 77, 75, 71, 68, 71, 67, 71, 68, 895, 66, 128, 66, 122, 66, 75, 284, 71, 67, 115, 63, 77, 611, 72, 75, 137, 79, 68, 66, 71, 67, 71, 68, 71, 67, 71, 68, 71, 67, 71, 68, 71, 67, 71, 109, 109, 71, 186, 69, 186, 117, 117, 182, 182, 109, 186, 71, 69, 71, 71, 67, 68, 71, 71, 69, 71, 109, 109, 186, 186, 71, 71, 117, 117, 182, 182, 71, 68, 71, 71, 54, 66, 71, 71, 68, 70, 98, 66, 94, 66, 71, 71, 74, 74, 106, 152, 78, 74, 66, 583, 66, 598, 1354, 1354, 78, 66, 66, 130, 746, 1354, 67, 594, 66, 97, 97, 66, 66, 97, 78, 756, 66, 42, 78, 42, 78, 42, 78, 60, 60, 60, 78, 60, 60, 78, 60, 78, 78, 78, 78, 78, 78, 78, 78, 78, 78, 78, 78, 78, 78, 78, 78, 78, 78, 78, 54, 66, 78, 78, 105, 90, 66, 66, 66, 66, 66, 74, 74, 148, 90, 78, 74, 66, 1354, 581, 66, 1354, 1354, 979, 66, 66, 130, 158, 396, 145, 145, 66, 130, 66, 97, 66, 122, 89, 75, 54, 82, 78, 325, 381, 78, 78, 78, 78, 73, 66, 73, 78, 78, 78, 78, 75, 78, 78, 78, 78, 78, 78, 78, 78, 78, 78, 1354, 564, 66, 78, 118, 65, 78, 78, 79, 68, 78, 187, 78, 1113, 66, 79, 249, 68, 115, 63, 77, 761, 72, 75, 54, 66, 145, 66, 79, 66, 283, 66, 68, 86, 63, 77, 338, 73, 75, 1053, 80, 68, 66, 1354, 720, 66, 78, 71, 68, 71, 68, 120, 122, 66, 79, 79, 129, 95, 1292, 1292, 122, 82, 1292, 1292, 350, 980, 120, 73, 1288, 1292, 1292, 811, 159, 78, 78, 169, 67, 67, 67, 71, 73, 71, 70, 1288, 414, 76, 256, 77, 73, 71, 68, 66, 71, 68, 78, 78, 78, 78, 78, 78, 78, 78, 78, 78, 78, 78, 78, 78, 78, 78, 78, 78, 78, 78, 78, 78, 78, 78, 78, 71, 68, 71, 68, 101, 274, 78, 78, 78, 78, 78, 78, 78, 78, 78, 78, 78, 78, 78, 78, 78, 78, 78, 78, 78, 78, 78, 78, 78, 78, 74, 66, 583, 74, 74, 74, 74, 74, 74, 66, 66, 66, 66, 66, 66, 74, 66, 583, 583, 583, 583, 74, 583, 66, 583, 583, 583, 74, 66, 583, 74, 66, 583, 74, 66, 583, 74, 66, 583, 74, 66, 583, 74, 74, 74, 66, 66, 66, 74, 583, 66, 78, 583, 583, 74, 66, 583, 583, 78, 74, 66, 583, 74, 74, 66, 66, 583, 583, 74, 74, 66, 66, 583, 583, 165, 165, 66, 66, 512, 512, 165, 165, 165, 165, 165, 165, 165, 165, 165, 66, 66, 66, 66, 66, 66, 66, 66, 66, 165, 66, 512, 165, 512, 66, 512, 512, 165, 66, 512, 512, 512, 512, 512, 512, 512, 512, 165, 165, 165, 165, 66, 66, 66, 66, 165, 512, 66, 512, 165, 66, 512, 512, 512, 512, 165, 66, 512, 165, 66, 165, 165, 66, 66, 512, 512, 512, 92, 66, 96, 66, 71, 1354, 1354, 66, 1354, 609, 66, 68, 1354, 1354, 1354, 609, 1354, 1354, 66, 66, 1354, 609, 1354, 1354, 1354, 609, 66, 66, 609, 1354, 1354, 1354, 609, 1354, 1354, 1354, 78, 66, 66, 364, 66, 1354, 1354, 1354, 609, 1354, 1354, 1354, 609, 1354, 1354, 1354, 609, 1354, 66, 66, 66, 66, 1354, 1354, 609, 1354, 1354, 1354, 609, 609, 1354, 1354, 1354, 66, 66, 78, 66, 364, 66, 1354, 1354, 1354, 609, 609, 1354, 1354, 1354, 364, 66, 66, 78, 66, 364, 66, 364, 66, 364, 66, 364, 66, 364, 66, 364, 66, 609, 1354, 78, 78, 1354, 1354, 66, 364, 66, 364, 66, 364, 66, 364, 66, 1354, 1354, 1354, 609, 1354, 1354, 1354, 609, 66, 66, 364, 66, 364, 66, 609, 1354, 1354, 1354, 1354, 1354, 1354, 609, 1354, 1354, 1354, 609, 609, 66, 66, 66, 78, 1354, 1354, 1354, 66, 364, 66, 364, 66, 364, 66, 609, 78, 364, 66, 364, 66, 1354, 1354, 1354, 609, 1354, 1354, 1354, 66, 66, 364, 66, 364, 66, 1354, 1354, 1354, 609, 66, 364, 66, 364, 169, 415, 93, 66, 66, 169, 415, 66, 93, 66, 169, 415, 93, 66, 66, 90, 66, 169, 90, 66, 90, 66, 66, 415, 66, 93, 66, 90, 66, 169, 66, 415, 93, 66, 66, 90, 66, 169, 415, 93, 66, 66, 90, 66, 169, 66, 415, 93, 66, 66, 90, 66, 169, 415, 66, 93, 66, 90, 66, 169, 415, 93, 169, 66, 66, 66, 90, 66, 415, 93, 66, 66, 90, 66, 169, 169, 66, 66, 169, 415, 93, 415, 415, 93, 93, 169, 415, 93, 169, 169, 66, 66, 66, 66, 66, 66, 66, 66, 66, 66, 90, 66, 90, 90, 90, 66, 66, 66, 415, 415, 93, 93, 169, 415, 93, 66, 66, 66, 66, 66, 66, 90, 90, 66, 66, 90, 66, 169, 169, 415, 93, 415, 93, 169, 415, 66, 66, 66, 66, 66, 90, 90, 66, 66, 93, 169, 415, 66, 66, 90, 66, 93, 66, 90, 66, 169, 415, 93, 66, 66, 90, 169, 169, 66, 66, 66, 415, 66, 415, 93, 93, 66, 66, 66, 90, 66, 90, 66, 66, 66, 66, 66, 66, 66, 66, 66, 66, 66, 66, 66, 66, 66, 66, 66, 66, 66, 66, 66, 66, 66, 66, 66, 78, 92, 218, 78, 78, 78, 74, 66, 583, 74, 66, 583, 74, 66, 583, 165, 66, 503, 1354, 1354, 1354, 733, 66, 66, 1354, 1208, 165, 66, 512, 165, 66, 512, 169, 66, 530, 66, 90, 66, 1354, 1354, 1354, 609, 66, 66, 1354, 1354, 1354, 609, 66, 66, 364, 66, 364, 169, 415, 93, 66, 66, 90, 66, 169, 66, 415, 93, 66, 66, 90, 66, 66, 66, 307, 71, 68, 66, 328, 66, 78, 74, 66, 583, 165, 66, 512, 1354, 1354, 1354, 609, 66, 66, 793, 169, 415, 93, 66, 66, 90, 66, 66, 54, 66, 71]",291394,42,1354,275.15958451369215,816,"[66, 66, 120, 122, 66, 295, 66, 273, 66, 895, 66, 128, 66, 54, 66, 98, 66, 94, 66, 78, 74, 66, 583, 66, 598, 1354, 1354, 78, 66, 66, 130, 746, 1354, 67, 594, 66, 97, 97, 66, 66, 97, 78, 756, 66, 78, 78, 78, 78, 78, 78, 78, 78, 78, 78, 78, 78, 78, 78, 78, 78, 78, 78, 78, 78, 78, 78, 78, 78, 54, 66, 78, 78, 105, 90, 66, 66, 66, 66, 66, 78, 74, 66, 1354, 581, 66, 1354, 1354, 979, 66, 66, 130, 158, 396, 145, 145, 66, 130, 66, 97, 66, 54, 78, 78, 78, 78, 78, 66, 78, 78, 78, 78, 78, 78, 78, 78, 78, 78, 78, 78, 78, 78, 1354, 564, 66, 78, 78, 78, 78, 187, 78, 54, 66, 66, 1354, 720, 66, 78, 120, 122, 66, 78, 78, 78, 78, 78, 78, 78, 78, 78, 78, 78, 78, 78, 78, 78, 78, 78, 78, 78, 78, 78, 78, 78, 78, 78, 78, 78, 78, 78, 78, 78, 78, 78, 78, 78, 78, 78, 78, 78, 78, 78, 78, 78, 78, 78, 78, 78, 78, 78, 78, 78, 74, 66, 583, 74, 74, 74, 74, 74, 74, 66, 66, 66, 66, 66, 66, 74, 66, 583, 583, 583, 583, 74, 583, 66, 583, 583, 583, 74, 66, 583, 74, 66, 583, 74, 66, 583, 74, 66, 583, 74, 66, 583, 74, 74, 74, 66, 66, 66, 74, 583, 66, 78, 583, 583, 74, 66, 583, 583, 78, 74, 66, 583, 74, 74, 66, 66, 583, 583, 74, 74, 66, 66, 583, 583, 165, 165, 66, 66, 512, 512, 165, 165, 165, 165, 165, 165, 165, 165, 165, 66, 66, 66, 66, 66, 66, 66, 66, 66, 165, 66, 512, 165, 512, 66, 512, 512, 165, 66, 512, 512, 512, 512, 512, 512, 512, 512, 165, 165, 165, 165, 66, 66, 66, 66, 165, 512, 66, 512, 165, 66, 512, 512, 512, 512, 165, 66, 512, 165, 66, 165, 165, 66, 66, 512, 512, 512, 92, 66, 96, 66, 1354, 1354, 66, 1354, 609, 66, 1354, 1354, 1354, 609, 1354, 1354, 66, 66, 1354, 609, 1354, 1354, 1354, 609, 66, 66, 609, 1354, 1354, 1354, 609, 1354, 1354, 1354, 78, 66, 66, 364, 66, 1354, 1354, 1354, 609, 1354, 1354, 1354, 609, 1354, 1354, 1354, 609, 1354, 66, 66, 66, 66, 1354, 1354, 609, 1354, 1354, 1354, 609, 609, 1354, 1354, 1354, 66, 66, 78, 66, 364, 66, 1354, 1354, 1354, 609, 609, 1354, 1354, 1354, 364, 66, 66, 78, 66, 364, 66, 364, 66, 364, 66, 364, 66, 364, 66, 364, 66, 609, 1354, 78, 78, 1354, 1354, 66, 364, 66, 364, 66, 364, 66, 364, 66, 1354, 1354, 1354, 609, 1354, 1354, 1354, 609, 66, 66, 364, 66, 364, 66, 609, 1354, 1354, 1354, 1354, 1354, 1354, 609, 1354, 1354, 1354, 609, 609, 66, 66, 66, 78, 1354, 1354, 1354, 66, 364, 66, 364, 66, 364, 66, 609, 78, 364, 66, 364, 66, 1354, 1354, 1354, 609, 1354, 1354, 1354, 66, 66, 364, 66, 364, 66, 1354, 1354, 1354, 609, 66, 364, 66, 364, 169, 415, 93, 66, 66, 169, 415, 66, 93, 66, 169, 415, 93, 66, 66, 90, 66, 169, 90, 66, 90, 66, 66, 415, 66, 93, 66, 90, 66, 169, 66, 415, 93, 66, 66, 90, 66, 169, 415, 93, 66, 66, 90, 66, 169, 66, 415, 93, 66, 66, 90, 66, 169, 415, 66, 93, 66, 90, 66, 169, 415, 93, 169, 66, 66, 66, 90, 66, 415, 93, 66, 66, 90, 66, 169, 169, 66, 66, 169, 415, 93, 415, 415, 93, 93, 169, 415, 93, 169, 169, 66, 66, 66, 66, 66, 66, 66, 66, 66, 66, 90, 66, 90, 90, 90, 66, 66, 66, 415, 415, 93, 93, 169, 415, 93, 66, 66, 66, 66, 66, 66, 90, 90, 66, 66, 90, 66, 169, 169, 415, 93, 415, 93, 169, 415, 66, 66, 66, 66, 66, 90, 90, 66, 66, 93, 169, 415, 66, 66, 90, 66, 93, 66, 90, 66, 169, 415, 93, 66, 66, 90, 169, 169, 66, 66, 66, 415, 66, 415, 93, 93, 66, 66, 66, 90, 66, 90, 66, 66, 66, 66, 66, 66, 66, 66, 66, 66, 66, 66, 66, 66, 66, 66, 66, 66, 66, 66, 66, 66, 66, 66, 66, 78, 78, 78, 78, 74, 66, 583, 74, 66, 583, 74, 66, 583, 165, 66, 503, 1354, 1354, 1354, 733, 66, 66, 1354, 1208, 165, 66, 512, 165, 66, 512, 169, 66, 530, 66, 90, 66, 1354, 1354, 1354, 609, 66, 66, 1354, 1354, 1354, 609, 66, 66, 364, 66, 364, 169, 415, 93, 66, 66, 90, 66, 169, 66, 415, 93, 66, 66, 90, 66, 66, 66, 307, 66, 328, 66, 78, 74, 66, 583, 165, 66, 512, 1354, 1354, 1354, 609, 66, 66, 793, 169, 415, 93, 66, 66, 90, 66, 66, 54, 66]",252878,54,1354,309.89950980392155,816,55,7,0,6.740196078431373,2.3e-05,0.085176,0.03326485416666666,234,234,"[71, 68, 122, 75, 71, 68, 71, 67, 71, 68, 109, 109, 186, 186, 117, 117, 182, 182, 71, 68, 71, 68, 71, 68, 71, 68, 71, 68, 71, 68, 123, 75, 495, 75, 71, 68, 109, 109, 186, 186, 117, 117, 182, 182, 71, 68, 71, 68, 71, 68, 77, 75, 71, 68, 71, 67, 71, 68, 122, 66, 75, 284, 71, 67, 115, 63, 77, 611, 72, 75, 137, 79, 68, 66, 71, 67, 71, 68, 71, 67, 71, 68, 71, 67, 71, 68, 71, 67, 71, 109, 109, 71, 186, 69, 186, 117, 117, 182, 182, 109, 186, 71, 69, 71, 71, 67, 68, 71, 71, 69, 71, 109, 109, 186, 186, 71, 71, 117, 117, 182, 182, 71, 68, 71, 71, 71, 71, 68, 70, 71, 71, 74, 74, 106, 152, 74, 74, 148, 90, 122, 89, 75, 82, 325, 381, 73, 73, 75, 118, 65, 79, 68, 1113, 66, 79, 249, 68, 115, 63, 77, 761, 72, 75, 145, 66, 79, 283, 66, 68, 86, 63, 77, 338, 73, 75, 1053, 80, 68, 66, 71, 68, 71, 68, 79, 79, 129, 95, 1292, 1292, 122, 82, 1292, 1292, 350, 980, 120, 73, 1288, 1292, 1292, 811, 159, 169, 67, 67, 67, 71, 73, 71, 70, 1288, 414, 76, 256, 77, 73, 71, 68, 66, 71, 68, 71, 68, 71, 68, 101, 274, 71, 68, 92, 218, 71, 68, 71]",38030,63,1292,162.52136752136752,0,50,0,1050,"[71, 68, 122, 75, 66, 66, 71, 68, 71, 67, 71, 68, 109, 109, 186, 186, 117, 117, 182, 182, 71, 68, 71, 68, 71, 68, 71, 68, 120, 122, 66, 71, 68, 71, 68, 123, 75, 295, 66, 273, 66, 495, 75, 71, 68, 109, 109, 186, 186, 117, 117, 182, 182, 71, 68, 71, 68, 71, 68, 77, 75, 71, 68, 71, 67, 71, 68, 895, 66, 128, 66, 122, 66, 75, 284, 71, 67, 115, 63, 77, 611, 72, 75, 137, 79, 68, 66, 71, 67, 71, 68, 71, 67, 71, 68, 71, 67, 71, 68, 71, 67, 71, 109, 109, 71, 186, 69, 186, 117, 117, 182, 182, 109, 186, 71, 69, 71, 71, 67, 68, 71, 71, 69, 71, 109, 109, 186, 186, 71, 71, 117, 117, 182, 182, 71, 68, 71, 71, 54, 66, 71, 71, 68, 70, 98, 66, 94, 66, 71, 71, 74, 74, 106, 152, 78, 74, 66, 583, 66, 598, 1354, 1354, 78, 66, 66, 130, 746, 1354, 67, 594, 66, 97, 97, 66, 66, 97, 78, 756, 66, 78, 78, 78, 78, 78, 78, 78, 78, 78, 78, 78, 78, 78, 78, 78, 78, 78, 78, 78, 78, 78, 78, 78, 78, 54, 66, 78, 78, 105, 90, 66, 66, 66, 66, 66, 74, 74, 148, 90, 78, 74, 66, 1354, 581, 66, 1354, 1354, 979, 66, 66, 130, 158, 396, 145, 145, 66, 130, 66, 97, 66, 122, 89, 75, 54, 82, 78, 325, 381, 78, 78, 78, 78, 73, 66, 73, 78, 78, 78, 78, 75, 78, 78, 78, 78, 78, 78, 78, 78, 78, 78, 1354, 564, 66, 78, 118, 65, 78, 78, 79, 68, 78, 187, 78, 1113, 66, 79, 249, 68, 115, 63, 77, 761, 72, 75, 54, 66, 145, 66, 79, 66, 283, 66, 68, 86, 63, 77, 338, 73, 75, 1053, 80, 68, 66, 1354, 720, 66, 78, 71, 68, 71, 68, 120, 122, 66, 79, 79, 129, 95, 1292, 1292, 122, 82, 1292, 1292, 350, 980, 120, 73, 1288, 1292, 1292, 811, 159, 78, 78, 169, 67, 67, 67, 71, 73, 71, 70, 1288, 414, 76, 256, 77, 73, 71, 68, 66, 71, 68, 78, 78, 78, 78, 78, 78, 78, 78, 78, 78, 78, 78, 78, 78, 78, 78, 78, 78, 78, 78, 78, 78, 78, 78, 78, 71, 68, 71, 68, 101, 274, 78, 78, 78, 78, 78, 78, 78, 78, 78, 78, 78, 78, 78, 78, 78, 78, 78, 78, 78, 78, 78, 78, 78, 78, 74, 66, 583, 74, 74, 74, 74, 74, 74, 66, 66, 66, 66, 66, 66, 74, 66, 583, 583, 583, 583, 74, 583, 66, 583, 583, 583, 74, 66, 583, 74, 66, 583, 74, 66, 583, 74, 66, 583, 74, 66, 583, 74, 74, 74, 66, 66, 66, 74, 583, 66, 78, 583, 583, 74, 66, 583, 583, 78, 74, 66, 583, 74, 74, 66, 66, 583, 583, 74, 74, 66, 66, 583, 583, 165, 165, 66, 66, 512, 512, 165, 165, 165, 165, 165, 165, 165, 165, 165, 66, 66, 66, 66, 66, 66, 66, 66, 66, 165, 66, 512, 165, 512, 66, 512, 512, 165, 66, 512, 512, 512, 512, 512, 512, 512, 512, 165, 165, 165, 165, 66, 66, 66, 66, 165, 512, 66, 512, 165, 66, 512, 512, 512, 512, 165, 66, 512, 165, 66, 165, 165, 66, 66, 512, 512, 512, 92, 66, 96, 66, 71, 1354, 1354, 66, 1354, 609, 66, 68, 1354, 1354, 1354, 609, 1354, 1354, 66, 66, 1354, 609, 1354, 1354, 1354, 609, 66, 66, 609, 1354, 1354, 1354, 609, 1354, 1354, 1354, 78, 66, 66, 364, 66, 1354, 1354, 1354, 609, 1354, 1354, 1354, 609, 1354, 1354, 1354, 609, 1354, 66, 66, 66, 66, 1354, 1354, 609, 1354, 1354, 1354, 609, 609, 1354, 1354, 1354, 66, 66, 78, 66, 364, 66, 1354, 1354, 1354, 609, 609, 1354, 1354, 1354, 364, 66, 66, 78, 66, 364, 66, 364, 66, 364, 66, 364, 66, 364, 66, 364, 66, 609, 1354, 78, 78, 1354, 1354, 66, 364, 66, 364, 66, 364, 66, 364, 66, 1354, 1354, 1354, 609, 1354, 1354, 1354, 609, 66, 66, 364, 66, 364, 66, 609, 1354, 1354, 1354, 1354, 1354, 1354, 609, 1354, 1354, 1354, 609, 609, 66, 66, 66, 78, 1354, 1354, 1354, 66, 364, 66, 364, 66, 364, 66, 609, 78, 364, 66, 364, 66, 1354, 1354, 1354, 609, 1354, 1354, 1354, 66, 66, 364, 66, 364, 66, 1354, 1354, 1354, 609, 66, 364, 66, 364, 169, 415, 93, 66, 66, 169, 415, 66, 93, 66, 169, 415, 93, 66, 66, 90, 66, 169, 90, 66, 90, 66, 66, 415, 66, 93, 66, 90, 66, 169, 66, 415, 93, 66, 66, 90, 66, 169, 415, 93, 66, 66, 90, 66, 169, 66, 415, 93, 66, 66, 90, 66, 169, 415, 66, 93, 66, 90, 66, 169, 415, 93, 169, 66, 66, 66, 90, 66, 415, 93, 66, 66, 90, 66, 169, 169, 66, 66, 169, 415, 93, 415, 415, 93, 93, 169, 415, 93, 169, 169, 66, 66, 66, 66, 66, 66, 66, 66, 66, 66, 90, 66, 90, 90, 90, 66, 66, 66, 415, 415, 93, 93, 169, 415, 93, 66, 66, 66, 66, 66, 66, 90, 90, 66, 66, 90, 66, 169, 169, 415, 93, 415, 93, 169, 415, 66, 66, 66, 66, 66, 90, 90, 66, 66, 93, 169, 415, 66, 66, 90, 66, 93, 66, 90, 66, 169, 415, 93, 66, 66, 90, 169, 169, 66, 66, 66, 415, 66, 415, 93, 93, 66, 66, 66, 90, 66, 90, 66, 66, 66, 66, 66, 66, 66, 66, 66, 66, 66, 66, 66, 66, 66, 66, 66, 66, 66, 66, 66, 66, 66, 66, 66, 78, 92, 218, 78, 78, 78, 74, 66, 583, 74, 66, 583, 74, 66, 583, 165, 66, 503, 1354, 1354, 1354, 733, 66, 66, 1354, 1208, 165, 66, 512, 165, 66, 512, 169, 66, 530, 66, 90, 66, 1354, 1354, 1354, 609, 66, 66, 1354, 1354, 1354, 609, 66, 66, 364, 66, 364, 169, 415, 93, 66, 66, 90, 66, 169, 66, 415, 93, 66, 66, 90, 66, 66, 66, 307, 71, 68, 66, 328, 66, 78, 74, 66, 583, 165, 66, 512, 1354, 1354, 1354, 609, 66, 66, 793, 169, 415, 93, 66, 66, 90, 66, 66, 54, 66, 71]",290908,54,1354,277.0552380952381,1050,0,0.0,"{'1': 28, '65': 22}",{},186,10071,21,1071,64.5576923076923,5,True,False
