website,id,date,layer_counts,all_packet_count,all_packet_sizes,all_packet_total_size,all_packet_min_size,all_packet_max_size,all_packet_average_size,tcp_packet_count,tcp_packet_sizes,tcp_packet_total_size,tcp_packet_min_size,tcp_packet_max_size,tcp_packet_average_size,tcp_count,tcp_retransmissions,tcp_duplicate_acks,tcp_fast_retransmissions,tcp_retransmission_percentage,tcp_min_rtt,tcp_max_rtt,tcp_avg_rtt,udp_count,udp_packet_count,udp_packet_sizes,udp_packet_total_size,udp_packet_min_size,udp_packet_max_size,udp_packet_average_size,rtp_count,dns_count,dns_incomplete_transactions,ip_packet_count,ip_packet_sizes,ip_packet_total_size,ip_packet_min_size,ip_packet_max_size,ip_packet_average_size,ip_count,ip_fragmented,ip_fragmentation_percentage,dns_query_types,dns_response_codes,data_count,data_total_payload_size,data_min_payload_size,data_max_payload_size,data_avg_payload_size
https://www.colombiahosting.com.co/hosting/,4cda44a5-0cee-474e-b4c7-edfaa8014212,2025-05-06 04:52:57,"{'eth': 412, 'ip': 400, 'tcp': 366, 'tls': 147, 'arp': 12, 'udp': 34, 'dns': 32, 'DATA': 15, 'dhcp': 2, 'http': 10, 'data-text-lines': 1, 'json': 4, 'ssh': 12}",412,"[74, 74, 66, 394, 66, 3389, 66, 146, 1403, 587, 66, 66, 437, 93, 93, 78, 42, 42, 97, 97, 188, 188, 74, 74, 66, 76, 76, 86, 256, 76, 176, 743, 66, 66, 66, 66, 66, 66, 66, 2915, 66, 76, 76, 76, 116, 76, 76, 235, 66, 66, 66, 610, 66, 76, 76, 76, 67, 97, 66, 66, 66, 350, 557, 1033, 66, 1457, 4239, 2932, 66, 66, 66, 1457, 1457, 66, 66, 1474, 66, 1440, 5630, 12585, 66, 66, 66, 27976, 66, 3240, 66, 1912, 3137, 66, 66, 5937, 66, 21662, 66, 4802, 66, 7232, 66, 66, 66, 66, 42, 42, 74, 74, 66, 344, 66, 3258, 66, 130, 112, 128, 97, 66, 97, 1487, 66, 400, 74, 135, 105, 62, 54, 237, 54, 54, 1910, 54, 130, 90, 66, 66, 66, 74, 74, 66, 344, 66, 3257, 66, 130, 112, 128, 97, 66, 97, 97, 66, 108, 108, 158, 97, 147, 158, 97, 147, 96, 96, 96, 96, 229, 229, 213, 213, 74, 74, 66, 97, 97, 138, 138, 92, 92, 92, 92, 156, 204, 204, 156, 74, 473, 66, 3147, 66, 72, 66, 140, 66, 329, 66, 74, 66, 283, 310, 66, 462, 283, 325, 66, 66, 2882, 1274, 66, 66, 72, 66, 350, 283, 66, 379, 300, 66, 378, 302, 66, 66, 378, 310, 66, 418, 66, 90, 66, 66, 66, 42, 42, 74, 74, 66, 394, 66, 3388, 66, 146, 1403, 66, 593, 66, 437, 93, 93, 78, 7106, 7106, 66, 66, 66, 2882, 9922, 14146, 1474, 66, 5698, 66, 66, 66, 66, 5698, 6595, 66, 66, 78, 66, 260, 66, 164, 66, 105, 66, 16472, 18370, 1474, 66, 78, 66, 66, 21600, 101, 66, 78, 66, 268, 66, 164, 105, 16472, 32878, 7311, 78, 66, 78, 66, 66, 78, 66, 259, 16472, 14362, 78, 66, 78, 66, 105, 66, 259, 66, 135, 105, 66, 1884, 54, 1884, 281, 54, 54, 54, 281, 54, 54, 1884, 54, 281, 1884, 54, 54, 54, 281, 54, 54, 90, 66, 66, 66, 66, 66, 66, 90, 66, 54, 54, 625, 66, 268, 66, 118, 105, 66, 105, 66, 66, 42, 42, 74, 74, 66, 81, 66, 106, 66, 986, 1202, 66, 66, 146, 66, 378, 66, 82, 66, 130, 66, 130, 146, 130, 130, 66, 66, 66, 1513, 78, 66, 401, 177, 90, 66, 105, 54, 66, 54, 105, 105, 66, 42, 42, 90, 66, 66, 66, 66, 42, 42, 1086, 66, 258, 66, 135, 66, 105, 66]",399723,42,32878,970.2014563106796,366,"[74, 74, 66, 394, 66, 3389, 66, 146, 1403, 587, 66, 66, 437, 93, 93, 78, 74, 74, 66, 76, 76, 86, 256, 76, 176, 743, 66, 66, 66, 66, 66, 66, 66, 2915, 66, 76, 76, 76, 116, 76, 76, 235, 66, 66, 66, 610, 66, 76, 76, 76, 67, 97, 66, 66, 66, 1033, 66, 1457, 4239, 2932, 66, 66, 66, 1457, 1457, 66, 66, 1474, 66, 1440, 5630, 12585, 66, 66, 66, 27976, 66, 3240, 66, 1912, 3137, 66, 66, 5937, 66, 21662, 66, 4802, 66, 7232, 66, 66, 66, 66, 74, 74, 66, 344, 66, 3258, 66, 130, 112, 128, 97, 66, 97, 1487, 66, 400, 74, 135, 105, 62, 54, 237, 54, 54, 1910, 54, 130, 90, 66, 66, 66, 74, 74, 66, 344, 66, 3257, 66, 130, 112, 128, 97, 66, 97, 97, 66, 74, 74, 66, 74, 473, 66, 3147, 66, 72, 66, 140, 66, 329, 66, 74, 66, 283, 310, 66, 462, 283, 325, 66, 66, 2882, 1274, 66, 66, 72, 66, 350, 283, 66, 379, 300, 66, 378, 302, 66, 66, 378, 310, 66, 418, 66, 90, 66, 66, 66, 74, 74, 66, 394, 66, 3388, 66, 146, 1403, 66, 593, 66, 437, 93, 93, 78, 7106, 7106, 66, 66, 66, 2882, 9922, 14146, 1474, 66, 5698, 66, 66, 66, 66, 5698, 6595, 66, 66, 78, 66, 260, 66, 164, 66, 105, 66, 16472, 18370, 1474, 66, 78, 66, 66, 21600, 101, 66, 78, 66, 268, 66, 164, 105, 16472, 32878, 7311, 78, 66, 78, 66, 66, 78, 66, 259, 16472, 14362, 78, 66, 78, 66, 105, 66, 259, 66, 135, 105, 66, 1884, 54, 1884, 281, 54, 54, 54, 281, 54, 54, 1884, 54, 281, 1884, 54, 54, 54, 281, 54, 54, 90, 66, 66, 66, 66, 66, 66, 90, 66, 54, 54, 625, 66, 268, 66, 118, 105, 66, 105, 66, 66, 74, 74, 66, 81, 66, 106, 66, 986, 1202, 66, 66, 146, 66, 378, 66, 82, 66, 130, 66, 130, 146, 130, 130, 66, 66, 66, 1513, 78, 66, 401, 177, 90, 66, 105, 54, 66, 54, 105, 105, 66, 90, 66, 66, 66, 66, 1086, 66, 258, 66, 135, 66, 105, 66]",393896,54,32878,1076.2185792349726,366,2,5,0,0.546448087431694,5.187e-06,0.250530915,0.01579581379329609,34,34,"[97, 97, 188, 188, 350, 557, 108, 108, 158, 97, 147, 158, 97, 147, 96, 96, 96, 96, 229, 229, 213, 213, 97, 97, 138, 138, 92, 92, 92, 92, 156, 204, 204, 156]",5323,92,557,156.55882352941177,0,32,0,400,"[74, 74, 66, 394, 66, 3389, 66, 146, 1403, 587, 66, 66, 437, 93, 93, 78, 97, 97, 188, 188, 74, 74, 66, 76, 76, 86, 256, 76, 176, 743, 66, 66, 66, 66, 66, 66, 66, 2915, 66, 76, 76, 76, 116, 76, 76, 235, 66, 66, 66, 610, 66, 76, 76, 76, 67, 97, 66, 66, 66, 350, 557, 1033, 66, 1457, 4239, 2932, 66, 66, 66, 1457, 1457, 66, 66, 1474, 66, 1440, 5630, 12585, 66, 66, 66, 27976, 66, 3240, 66, 1912, 3137, 66, 66, 5937, 66, 21662, 66, 4802, 66, 7232, 66, 66, 66, 66, 74, 74, 66, 344, 66, 3258, 66, 130, 112, 128, 97, 66, 97, 1487, 66, 400, 74, 135, 105, 62, 54, 237, 54, 54, 1910, 54, 130, 90, 66, 66, 66, 74, 74, 66, 344, 66, 3257, 66, 130, 112, 128, 97, 66, 97, 97, 66, 108, 108, 158, 97, 147, 158, 97, 147, 96, 96, 96, 96, 229, 229, 213, 213, 74, 74, 66, 97, 97, 138, 138, 92, 92, 92, 92, 156, 204, 204, 156, 74, 473, 66, 3147, 66, 72, 66, 140, 66, 329, 66, 74, 66, 283, 310, 66, 462, 283, 325, 66, 66, 2882, 1274, 66, 66, 72, 66, 350, 283, 66, 379, 300, 66, 378, 302, 66, 66, 378, 310, 66, 418, 66, 90, 66, 66, 66, 74, 74, 66, 394, 66, 3388, 66, 146, 1403, 66, 593, 66, 437, 93, 93, 78, 7106, 7106, 66, 66, 66, 2882, 9922, 14146, 1474, 66, 5698, 66, 66, 66, 66, 5698, 6595, 66, 66, 78, 66, 260, 66, 164, 66, 105, 66, 16472, 18370, 1474, 66, 78, 66, 66, 21600, 101, 66, 78, 66, 268, 66, 164, 105, 16472, 32878, 7311, 78, 66, 78, 66, 66, 78, 66, 259, 16472, 14362, 78, 66, 78, 66, 105, 66, 259, 66, 135, 105, 66, 1884, 54, 1884, 281, 54, 54, 54, 281, 54, 54, 1884, 54, 281, 1884, 54, 54, 54, 281, 54, 54, 90, 66, 66, 66, 66, 66, 66, 90, 66, 54, 54, 625, 66, 268, 66, 118, 105, 66, 105, 66, 66, 74, 74, 66, 81, 66, 106, 66, 986, 1202, 66, 66, 146, 66, 378, 66, 82, 66, 130, 66, 130, 146, 130, 130, 66, 66, 66, 1513, 78, 66, 401, 177, 90, 66, 105, 54, 66, 54, 105, 105, 66, 90, 66, 66, 66, 66, 1086, 66, 258, 66, 135, 66, 105, 66]",399219,54,32878,998.0475,400,0,0.0,"{'1': 12, '33': 12, '28': 8}",{},15,0,0,0,0
https://www.colombiahosting.com.co/hosting/,49ddb74b-28b0-42c2-8f45-9387157484ce,2025-05-06 05:38:54,"{'eth': 219, 'ip': 213, 'tcp': 209, 'tls': 78, 'arp': 6, 'DATA': 7, 'http': 8, 'json': 4, 'udp': 4, 'dns': 4}",219,"[74, 74, 66, 394, 66, 3389, 66, 146, 1403, 66, 587, 66, 105, 105, 66, 437, 93, 93, 78, 185, 66, 1248, 66, 42, 42, 109, 66, 7106, 7106, 66, 66, 9922, 4290, 14146, 66, 66, 17770, 66, 66, 78, 66, 260, 66, 16472, 32878, 7474, 78, 66, 78, 66, 78, 66, 105, 66, 270, 66, 164, 105, 16472, 32878, 6939, 78, 66, 66, 78, 66, 78, 66, 259, 16472, 2395, 78, 66, 78, 66, 105, 66, 66, 259, 66, 135, 105, 66, 66, 66, 1884, 1474, 1474, 1474, 54, 54, 54, 281, 54, 1884, 1884, 1884, 1474, 1474, 1474, 1474, 1474, 54, 54, 54, 54, 54, 54, 54, 1474, 1474, 1474, 1474, 54, 54, 54, 54, 281, 54, 54, 281, 54, 54, 281, 54, 54, 97, 97, 188, 74, 74, 66, 76, 76, 86, 296, 76, 196, 76, 146, 76, 116, 188, 66, 66, 66, 66, 66, 533, 66, 66, 66, 66, 66, 66, 2914, 66, 76, 76, 76, 76, 76, 86, 265, 66, 66, 66, 619, 66, 76, 76, 76, 67, 66, 66, 1023, 1457, 1457, 2848, 2933, 1457, 1457, 2848, 5630, 8412, 12585, 12519, 10360, 504, 78, 66, 30402, 66, 1474, 12620, 66, 66, 66, 66, 66, 623, 66, 277, 66, 135, 66, 105, 66, 42, 42, 66, 42, 42, 66, 90, 66, 66, 66, 66]",353987,42,32878,1616.37899543379,209,"[74, 74, 66, 394, 66, 3389, 66, 146, 1403, 66, 587, 66, 105, 105, 66, 437, 93, 93, 78, 185, 66, 1248, 66, 109, 66, 7106, 7106, 66, 66, 9922, 4290, 14146, 66, 66, 17770, 66, 66, 78, 66, 260, 66, 16472, 32878, 7474, 78, 66, 78, 66, 78, 66, 105, 66, 270, 66, 164, 105, 16472, 32878, 6939, 78, 66, 66, 78, 66, 78, 66, 259, 16472, 2395, 78, 66, 78, 66, 105, 66, 66, 259, 66, 135, 105, 66, 66, 66, 1884, 1474, 1474, 1474, 54, 54, 54, 281, 54, 1884, 1884, 1884, 1474, 1474, 1474, 1474, 1474, 54, 54, 54, 54, 54, 54, 54, 1474, 1474, 1474, 1474, 54, 54, 54, 54, 281, 54, 54, 281, 54, 54, 281, 54, 54, 74, 74, 66, 76, 76, 86, 296, 76, 196, 76, 146, 76, 116, 66, 66, 66, 66, 66, 533, 66, 66, 66, 66, 66, 66, 2914, 66, 76, 76, 76, 76, 76, 86, 265, 66, 66, 66, 619, 66, 76, 76, 76, 67, 66, 66, 1023, 1457, 1457, 2848, 2933, 1457, 1457, 2848, 5630, 8412, 12585, 12519, 10360, 504, 78, 66, 30402, 66, 1474, 12620, 66, 66, 66, 66, 66, 623, 66, 277, 66, 135, 66, 105, 66, 66, 66, 90, 66, 66, 66, 66]",353165,54,32878,1689.7846889952152,209,11,14,0,5.263157894736842,2.0829e-05,0.146550883,0.006565616815789474,4,4,"[97, 97, 188, 188]",570,97,188,142.5,0,4,0,213,"[74, 74, 66, 394, 66, 3389, 66, 146, 1403, 66, 587, 66, 105, 105, 66, 437, 93, 93, 78, 185, 66, 1248, 66, 109, 66, 7106, 7106, 66, 66, 9922, 4290, 14146, 66, 66, 17770, 66, 66, 78, 66, 260, 66, 16472, 32878, 7474, 78, 66, 78, 66, 78, 66, 105, 66, 270, 66, 164, 105, 16472, 32878, 6939, 78, 66, 66, 78, 66, 78, 66, 259, 16472, 2395, 78, 66, 78, 66, 105, 66, 66, 259, 66, 135, 105, 66, 66, 66, 1884, 1474, 1474, 1474, 54, 54, 54, 281, 54, 1884, 1884, 1884, 1474, 1474, 1474, 1474, 1474, 54, 54, 54, 54, 54, 54, 54, 1474, 1474, 1474, 1474, 54, 54, 54, 54, 281, 54, 54, 281, 54, 54, 281, 54, 54, 97, 97, 188, 74, 74, 66, 76, 76, 86, 296, 76, 196, 76, 146, 76, 116, 188, 66, 66, 66, 66, 66, 533, 66, 66, 66, 66, 66, 66, 2914, 66, 76, 76, 76, 76, 76, 86, 265, 66, 66, 66, 619, 66, 76, 76, 76, 67, 66, 66, 1023, 1457, 1457, 2848, 2933, 1457, 1457, 2848, 5630, 8412, 12585, 12519, 10360, 504, 78, 66, 30402, 66, 1474, 12620, 66, 66, 66, 66, 66, 623, 66, 277, 66, 135, 66, 105, 66, 66, 66, 90, 66, 66, 66, 66]",353735,54,32878,1660.7276995305165,213,0,0.0,{'1': 4},{},7,0,0,0,0
https://www.colombiahosting.com.co/hosting/,12742fe3-f972-40bb-9d20-13d09fdcf6c2,2025-05-06 06:25:07,"{'eth': 132, 'ip': 126, 'tcp': 122, 'tls': 61, 'arp': 6, 'udp': 4, 'dns': 4, 'DATA': 6}",132,"[74, 74, 66, 394, 66, 3388, 66, 146, 1403, 66, 587, 66, 438, 93, 93, 78, 42, 42, 1094, 66, 267, 66, 118, 66, 105, 105, 66, 66, 97, 97, 188, 188, 74, 74, 66, 76, 76, 76, 156, 76, 126, 76, 106, 766, 76, 66, 143, 66, 66, 66, 66, 66, 66, 66, 66, 66, 66, 2914, 66, 76, 76, 76, 76, 76, 146, 76, 76, 76, 72, 169, 66, 66, 66, 619, 66, 76, 76, 76, 67, 66, 66, 1319, 1457, 2848, 4324, 1457, 2848, 4239, 8412, 1457, 16684, 19809, 66, 66, 97, 78, 28226, 66, 2498, 14068, 66, 66, 66, 66, 66, 42, 42, 74, 74, 66, 394, 66, 3388, 66, 146, 1403, 630, 66, 66, 437, 93, 93, 78, 741, 66, 259, 66, 135, 105, 66, 42, 42]",136844,42,28226,1036.6969696969697,122,"[74, 74, 66, 394, 66, 3388, 66, 146, 1403, 66, 587, 66, 438, 93, 93, 78, 1094, 66, 267, 66, 118, 66, 105, 105, 66, 66, 74, 74, 66, 76, 76, 76, 156, 76, 126, 76, 106, 766, 76, 66, 143, 66, 66, 66, 66, 66, 66, 66, 66, 66, 66, 2914, 66, 76, 76, 76, 76, 76, 146, 76, 76, 76, 72, 169, 66, 66, 66, 619, 66, 76, 76, 76, 67, 66, 66, 1319, 1457, 2848, 4324, 1457, 2848, 4239, 8412, 1457, 16684, 19809, 66, 66, 97, 78, 28226, 66, 2498, 14068, 66, 66, 66, 66, 66, 74, 74, 66, 394, 66, 3388, 66, 146, 1403, 630, 66, 66, 437, 93, 93, 78, 741, 66, 259, 66, 135, 105, 66]",136022,66,28226,1114.9344262295083,122,3,1,0,2.459016393442623,1.3224e-05,0.041603901,0.00581348164,4,4,"[97, 97, 188, 188]",570,97,188,142.5,0,4,0,126,"[74, 74, 66, 394, 66, 3388, 66, 146, 1403, 66, 587, 66, 438, 93, 93, 78, 1094, 66, 267, 66, 118, 66, 105, 105, 66, 66, 97, 97, 188, 188, 74, 74, 66, 76, 76, 76, 156, 76, 126, 76, 106, 766, 76, 66, 143, 66, 66, 66, 66, 66, 66, 66, 66, 66, 66, 2914, 66, 76, 76, 76, 76, 76, 146, 76, 76, 76, 72, 169, 66, 66, 66, 619, 66, 76, 76, 76, 67, 66, 66, 1319, 1457, 2848, 4324, 1457, 2848, 4239, 8412, 1457, 16684, 19809, 66, 66, 97, 78, 28226, 66, 2498, 14068, 66, 66, 66, 66, 66, 74, 74, 66, 394, 66, 3388, 66, 146, 1403, 630, 66, 66, 437, 93, 93, 78, 741, 66, 259, 66, 135, 105, 66]",136592,66,28226,1084.063492063492,126,0,0.0,{'1': 4},{},6,0,0,0,0
https://www.colombiahosting.com.co/hosting/,fc7b4098-1822-473e-9983-f8ba74d61c73,2025-05-06 07:16:42,"{'eth': 809, 'ip': 795, 'tcp': 775, 'ssh': 288, 'udp': 8, 'dns': 8, 'tls': 77, '_ws.malformed': 86, 'arp': 14, 'icmp': 12, 'DATA': 10}",809,"[134, 118, 66, 74, 74, 66, 66, 78, 66, 66, 106, 97, 97, 209, 209, 74, 74, 66, 394, 66, 3388, 66, 146, 1403, 587, 66, 66, 438, 93, 93, 78, 66, 962, 1202, 66, 114, 66, 346, 82, 118, 66, 118, 134, 118, 74, 66, 74, 66, 66, 66, 78, 42, 66, 42, 106, 66, 962, 1202, 66, 114, 66, 346, 82, 118, 66, 118, 134, 118, 66, 74, 74, 66, 66, 66, 78, 66, 106, 66, 962, 1202, 66, 114, 66, 346, 82, 118, 66, 118, 134, 118, 74, 74, 66, 66, 66, 78, 66, 66, 106, 66, 962, 1202, 66, 114, 66, 346, 82, 118, 66, 118, 134, 118, 74, 66, 74, 749, 66, 66, 268, 66, 135, 66, 105, 66, 66, 66, 78, 66, 106, 66, 962, 1202, 66, 114, 82, 66, 82, 346, 82, 82, 82, 118, 66, 118, 134, 118, 97, 97, 188, 74, 188, 74, 66, 76, 76, 76, 86, 166, 76, 76, 86, 736, 76, 223, 74, 74, 66, 66, 66, 66, 66, 66, 66, 66, 66, 66, 66, 66, 66, 2913, 66, 66, 78, 66, 66, 42, 42, 106, 76, 76, 86, 106, 106, 215, 66, 66, 610, 66, 76, 76, 77, 97, 66, 66, 66, 66, 962, 1202, 66, 114, 66, 346, 1030, 1457, 2848, 4324, 1457, 1457, 2848, 5630, 66, 66, 66, 66, 66, 66, 66, 66, 12585, 23717, 7501, 461, 66, 66, 82, 118, 66, 118, 78, 66, 2165, 25732, 66, 3405, 66, 13245, 66, 66, 66, 66, 134, 118, 74, 66, 74, 66, 66, 78, 66, 66, 106, 66, 962, 1202, 66, 114, 66, 346, 82, 118, 66, 118, 134, 118, 66, 74, 74, 66, 66, 66, 78, 66, 106, 66, 962, 1202, 66, 114, 66, 346, 82, 118, 66, 118, 134, 118, 66, 74, 74, 66, 66, 66, 78, 66, 106, 66, 962, 1202, 66, 114, 66, 346, 82, 118, 66, 118, 134, 118, 66, 74, 74, 66, 66, 42, 42, 66, 78, 66, 106, 66, 962, 1202, 66, 114, 66, 346, 82, 118, 66, 118, 134, 118, 66, 74, 74, 66, 66, 66, 78, 66, 106, 66, 962, 1202, 66, 114, 66, 346, 54, 54, 54, 54, 82, 118, 66, 118, 54, 54, 54, 54, 134, 118, 66, 74, 74, 66, 82, 82, 66, 78, 66, 66, 106, 66, 962, 1202, 66, 114, 66, 346, 82, 118, 66, 118, 134, 118, 74, 66, 74, 66, 66, 66, 78, 66, 106, 66, 962, 1202, 66, 114, 66, 346, 82, 118, 66, 118, 134, 118, 74, 74, 66, 66, 66, 66, 78, 42, 66, 42, 106, 66, 962, 1202, 66, 114, 66, 346, 82, 118, 66, 118, 134, 118, 66, 74, 74, 66, 66, 78, 66, 66, 106, 66, 962, 1202, 66, 114, 66, 346, 82, 118, 66, 118, 134, 118, 74, 74, 66, 66, 66, 78, 66, 66, 106, 66, 962, 1202, 66, 114, 66, 346, 82, 118, 66, 118, 134, 118, 66, 74, 74, 66, 66, 66, 78, 66, 106, 66, 962, 1202, 66, 114, 66, 346, 82, 118, 66, 118, 134, 118, 66, 74, 74, 66, 66, 78, 66, 42, 66, 42, 106, 66, 962, 1202, 66, 114, 66, 346, 82, 118, 82, 82, 66, 118, 134, 118, 66, 74, 74, 66, 66, 66, 78, 66, 106, 66, 962, 1202, 66, 114, 66, 346, 82, 118, 66, 118, 134, 118, 66, 74, 74, 66, 66, 78, 66, 66, 106, 66, 962, 1202, 66, 114, 66, 346, 82, 118, 66, 118, 134, 118, 66, 74, 74, 66, 66, 66, 78, 66, 106, 66, 962, 1202, 66, 114, 66, 346, 90, 66, 66, 66, 66, 82, 118, 66, 118, 134, 118, 74, 66, 74, 66, 66, 78, 66, 42, 66, 42, 106, 66, 962, 1202, 105, 105, 66, 66, 114, 66, 346, 82, 118, 66, 118, 134, 118, 66, 74, 74, 66, 66, 66, 78, 66, 106, 66, 962, 1202, 66, 114, 66, 346, 82, 118, 66, 118, 134, 118, 66, 74, 74, 66, 66, 78, 66, 66, 106, 66, 962, 1202, 66, 114, 66, 346, 82, 118, 66, 118, 134, 118, 66, 74, 74, 66, 66, 66, 78, 66, 106, 66, 962, 1202, 66, 114, 66, 82, 82, 346, 82, 118, 66, 118, 134, 82, 82, 118, 74, 74, 66, 66, 66, 42, 66, 78, 42, 66, 106, 66, 962, 1202, 66, 114, 66, 346, 82, 118, 66, 66, 118, 109, 7106, 5698, 66, 66, 66, 66, 5698, 5698, 5698, 11330, 66, 5698, 66, 66, 14009, 66, 66, 66, 66, 66, 66, 66, 66, 66, 66, 267, 66, 164, 105, 16472, 32878, 7979, 66, 66, 66, 66, 66, 66, 66, 66, 66, 66, 66, 66, 66, 66, 66, 66, 66, 66, 66, 258, 134, 135, 105, 117, 66, 118, 16472, 32878, 7740, 66, 66, 66, 66, 66, 66, 66, 66, 66, 66, 66, 66, 66, 66, 66, 66, 66, 66, 66, 66, 66, 101]",419213,42,32878,518.1866501854141,775,"[134, 118, 66, 74, 74, 66, 66, 78, 66, 66, 106, 74, 74, 66, 394, 66, 3388, 66, 146, 1403, 587, 66, 66, 438, 93, 93, 78, 66, 962, 1202, 66, 114, 66, 346, 82, 118, 66, 118, 134, 118, 74, 66, 74, 66, 66, 66, 78, 66, 106, 66, 962, 1202, 66, 114, 66, 346, 82, 118, 66, 118, 134, 118, 66, 74, 74, 66, 66, 66, 78, 66, 106, 66, 962, 1202, 66, 114, 66, 346, 82, 118, 66, 118, 134, 118, 74, 74, 66, 66, 66, 78, 66, 66, 106, 66, 962, 1202, 66, 114, 66, 346, 82, 118, 66, 118, 134, 118, 74, 66, 74, 749, 66, 66, 268, 66, 135, 66, 105, 66, 66, 66, 78, 66, 106, 66, 962, 1202, 66, 114, 66, 346, 82, 118, 66, 118, 134, 118, 74, 74, 66, 76, 76, 76, 86, 166, 76, 76, 86, 736, 76, 223, 74, 74, 66, 66, 66, 66, 66, 66, 66, 66, 66, 66, 66, 66, 66, 2913, 66, 66, 78, 66, 66, 106, 76, 76, 86, 106, 106, 215, 66, 66, 610, 66, 76, 76, 77, 97, 66, 66, 66, 66, 962, 1202, 66, 114, 66, 346, 1030, 1457, 2848, 4324, 1457, 1457, 2848, 5630, 66, 66, 66, 66, 66, 66, 66, 66, 12585, 23717, 7501, 461, 66, 66, 82, 118, 66, 118, 78, 66, 2165, 25732, 66, 3405, 66, 13245, 66, 66, 66, 66, 134, 118, 74, 66, 74, 66, 66, 78, 66, 66, 106, 66, 962, 1202, 66, 114, 66, 346, 82, 118, 66, 118, 134, 118, 66, 74, 74, 66, 66, 66, 78, 66, 106, 66, 962, 1202, 66, 114, 66, 346, 82, 118, 66, 118, 134, 118, 66, 74, 74, 66, 66, 66, 78, 66, 106, 66, 962, 1202, 66, 114, 66, 346, 82, 118, 66, 118, 134, 118, 66, 74, 74, 66, 66, 66, 78, 66, 106, 66, 962, 1202, 66, 114, 66, 346, 82, 118, 66, 118, 134, 118, 66, 74, 74, 66, 66, 66, 78, 66, 106, 66, 962, 1202, 66, 114, 66, 346, 54, 54, 54, 54, 82, 118, 66, 118, 54, 54, 54, 54, 134, 118, 66, 74, 74, 66, 66, 78, 66, 66, 106, 66, 962, 1202, 66, 114, 66, 346, 82, 118, 66, 118, 134, 118, 74, 66, 74, 66, 66, 66, 78, 66, 106, 66, 962, 1202, 66, 114, 66, 346, 82, 118, 66, 118, 134, 118, 74, 74, 66, 66, 66, 66, 78, 66, 106, 66, 962, 1202, 66, 114, 66, 346, 82, 118, 66, 118, 134, 118, 66, 74, 74, 66, 66, 78, 66, 66, 106, 66, 962, 1202, 66, 114, 66, 346, 82, 118, 66, 118, 134, 118, 74, 74, 66, 66, 66, 78, 66, 66, 106, 66, 962, 1202, 66, 114, 66, 346, 82, 118, 66, 118, 134, 118, 66, 74, 74, 66, 66, 66, 78, 66, 106, 66, 962, 1202, 66, 114, 66, 346, 82, 118, 66, 118, 134, 118, 66, 74, 74, 66, 66, 78, 66, 66, 106, 66, 962, 1202, 66, 114, 66, 346, 82, 118, 66, 118, 134, 118, 66, 74, 74, 66, 66, 66, 78, 66, 106, 66, 962, 1202, 66, 114, 66, 346, 82, 118, 66, 118, 134, 118, 66, 74, 74, 66, 66, 78, 66, 66, 106, 66, 962, 1202, 66, 114, 66, 346, 82, 118, 66, 118, 134, 118, 66, 74, 74, 66, 66, 66, 78, 66, 106, 66, 962, 1202, 66, 114, 66, 346, 90, 66, 66, 66, 66, 82, 118, 66, 118, 134, 118, 74, 66, 74, 66, 66, 78, 66, 66, 106, 66, 962, 1202, 105, 105, 66, 66, 114, 66, 346, 82, 118, 66, 118, 134, 118, 66, 74, 74, 66, 66, 66, 78, 66, 106, 66, 962, 1202, 66, 114, 66, 346, 82, 118, 66, 118, 134, 118, 66, 74, 74, 66, 66, 78, 66, 66, 106, 66, 962, 1202, 66, 114, 66, 346, 82, 118, 66, 118, 134, 118, 66, 74, 74, 66, 66, 66, 78, 66, 106, 66, 962, 1202, 66, 114, 66, 346, 82, 118, 66, 118, 134, 118, 74, 74, 66, 66, 66, 66, 78, 66, 106, 66, 962, 1202, 66, 114, 66, 346, 82, 118, 66, 66, 118, 109, 7106, 5698, 66, 66, 66, 66, 5698, 5698, 5698, 11330, 66, 5698, 66, 66, 14009, 66, 66, 66, 66, 66, 66, 66, 66, 66, 66, 267, 66, 164, 105, 16472, 32878, 7979, 66, 66, 66, 66, 66, 66, 66, 66, 66, 66, 66, 66, 66, 66, 66, 66, 66, 66, 66, 258, 134, 135, 105, 117, 66, 118, 16472, 32878, 7740, 66, 66, 66, 66, 66, 66, 66, 66, 66, 66, 66, 66, 66, 66, 66, 66, 66, 66, 66, 66, 66, 101]",416459,54,32878,537.3664516129032,775,2,0,0,0.25806451612903225,6.896e-06,0.250184394,0.10670445345662101,8,8,"[97, 97, 209, 209, 97, 97, 188, 188]",1182,97,209,147.75,0,8,0,795,"[134, 118, 66, 74, 74, 66, 66, 78, 66, 66, 106, 97, 97, 209, 209, 74, 74, 66, 394, 66, 3388, 66, 146, 1403, 587, 66, 66, 438, 93, 93, 78, 66, 962, 1202, 66, 114, 66, 346, 82, 118, 66, 118, 134, 118, 74, 66, 74, 66, 66, 66, 78, 66, 106, 66, 962, 1202, 66, 114, 66, 346, 82, 118, 66, 118, 134, 118, 66, 74, 74, 66, 66, 66, 78, 66, 106, 66, 962, 1202, 66, 114, 66, 346, 82, 118, 66, 118, 134, 118, 74, 74, 66, 66, 66, 78, 66, 66, 106, 66, 962, 1202, 66, 114, 66, 346, 82, 118, 66, 118, 134, 118, 74, 66, 74, 749, 66, 66, 268, 66, 135, 66, 105, 66, 66, 66, 78, 66, 106, 66, 962, 1202, 66, 114, 82, 66, 82, 346, 82, 82, 82, 118, 66, 118, 134, 118, 97, 97, 188, 74, 188, 74, 66, 76, 76, 76, 86, 166, 76, 76, 86, 736, 76, 223, 74, 74, 66, 66, 66, 66, 66, 66, 66, 66, 66, 66, 66, 66, 66, 2913, 66, 66, 78, 66, 66, 106, 76, 76, 86, 106, 106, 215, 66, 66, 610, 66, 76, 76, 77, 97, 66, 66, 66, 66, 962, 1202, 66, 114, 66, 346, 1030, 1457, 2848, 4324, 1457, 1457, 2848, 5630, 66, 66, 66, 66, 66, 66, 66, 66, 12585, 23717, 7501, 461, 66, 66, 82, 118, 66, 118, 78, 66, 2165, 25732, 66, 3405, 66, 13245, 66, 66, 66, 66, 134, 118, 74, 66, 74, 66, 66, 78, 66, 66, 106, 66, 962, 1202, 66, 114, 66, 346, 82, 118, 66, 118, 134, 118, 66, 74, 74, 66, 66, 66, 78, 66, 106, 66, 962, 1202, 66, 114, 66, 346, 82, 118, 66, 118, 134, 118, 66, 74, 74, 66, 66, 66, 78, 66, 106, 66, 962, 1202, 66, 114, 66, 346, 82, 118, 66, 118, 134, 118, 66, 74, 74, 66, 66, 66, 78, 66, 106, 66, 962, 1202, 66, 114, 66, 346, 82, 118, 66, 118, 134, 118, 66, 74, 74, 66, 66, 66, 78, 66, 106, 66, 962, 1202, 66, 114, 66, 346, 54, 54, 54, 54, 82, 118, 66, 118, 54, 54, 54, 54, 134, 118, 66, 74, 74, 66, 82, 82, 66, 78, 66, 66, 106, 66, 962, 1202, 66, 114, 66, 346, 82, 118, 66, 118, 134, 118, 74, 66, 74, 66, 66, 66, 78, 66, 106, 66, 962, 1202, 66, 114, 66, 346, 82, 118, 66, 118, 134, 118, 74, 74, 66, 66, 66, 66, 78, 66, 106, 66, 962, 1202, 66, 114, 66, 346, 82, 118, 66, 118, 134, 118, 66, 74, 74, 66, 66, 78, 66, 66, 106, 66, 962, 1202, 66, 114, 66, 346, 82, 118, 66, 118, 134, 118, 74, 74, 66, 66, 66, 78, 66, 66, 106, 66, 962, 1202, 66, 114, 66, 346, 82, 118, 66, 118, 134, 118, 66, 74, 74, 66, 66, 66, 78, 66, 106, 66, 962, 1202, 66, 114, 66, 346, 82, 118, 66, 118, 134, 118, 66, 74, 74, 66, 66, 78, 66, 66, 106, 66, 962, 1202, 66, 114, 66, 346, 82, 118, 82, 82, 66, 118, 134, 118, 66, 74, 74, 66, 66, 66, 78, 66, 106, 66, 962, 1202, 66, 114, 66, 346, 82, 118, 66, 118, 134, 118, 66, 74, 74, 66, 66, 78, 66, 66, 106, 66, 962, 1202, 66, 114, 66, 346, 82, 118, 66, 118, 134, 118, 66, 74, 74, 66, 66, 66, 78, 66, 106, 66, 962, 1202, 66, 114, 66, 346, 90, 66, 66, 66, 66, 82, 118, 66, 118, 134, 118, 74, 66, 74, 66, 66, 78, 66, 66, 106, 66, 962, 1202, 105, 105, 66, 66, 114, 66, 346, 82, 118, 66, 118, 134, 118, 66, 74, 74, 66, 66, 66, 78, 66, 106, 66, 962, 1202, 66, 114, 66, 346, 82, 118, 66, 118, 134, 118, 66, 74, 74, 66, 66, 78, 66, 66, 106, 66, 962, 1202, 66, 114, 66, 346, 82, 118, 66, 118, 134, 118, 66, 74, 74, 66, 66, 66, 78, 66, 106, 66, 962, 1202, 66, 114, 66, 82, 82, 346, 82, 118, 66, 118, 134, 82, 82, 118, 74, 74, 66, 66, 66, 66, 78, 66, 106, 66, 962, 1202, 66, 114, 66, 346, 82, 118, 66, 66, 118, 109, 7106, 5698, 66, 66, 66, 66, 5698, 5698, 5698, 11330, 66, 5698, 66, 66, 14009, 66, 66, 66, 66, 66, 66, 66, 66, 66, 66, 267, 66, 164, 105, 16472, 32878, 7979, 66, 66, 66, 66, 66, 66, 66, 66, 66, 66, 66, 66, 66, 66, 66, 66, 66, 66, 66, 258, 134, 135, 105, 117, 66, 118, 16472, 32878, 7740, 66, 66, 66, 66, 66, 66, 66, 66, 66, 66, 66, 66, 66, 66, 66, 66, 66, 66, 66, 66, 66, 101]",418625,54,32878,526.5723270440252,795,0,0.0,"{'28': 4, '1': 4}",{},10,0,0,0,0
https://www.colombiahosting.com.co/hosting/,71157edf-ad49-4095-88cd-b47b4baa968d,2025-05-06 08:06:34,"{'eth': 104, 'ip': 98, 'tcp': 94, 'tls': 48, 'arp': 6, 'udp': 4, 'dns': 4, 'DATA': 9}",104,"[74, 74, 66, 394, 66, 3389, 66, 146, 1403, 66, 587, 66, 438, 93, 93, 78, 42, 42, 42, 42, 97, 97, 188, 74, 188, 74, 66, 76, 76, 86, 116, 76, 106, 766, 76, 243, 66, 66, 66, 66, 66, 66, 66, 66, 66, 2914, 66, 76, 76, 76, 76, 136, 76, 76, 76, 195, 66, 66, 610, 66, 76, 76, 76, 67, 97, 66, 66, 1320, 1457, 2848, 4324, 1457, 2848, 5630, 23631, 66, 66, 66, 66, 66, 66, 66, 66, 2882, 18391, 87, 66, 78, 66, 1943, 66, 9432, 10306, 66, 66, 9175, 66, 14069, 66, 66, 66, 66, 42, 42]",126591,42,23631,1217.2211538461538,94,"[74, 74, 66, 394, 66, 3389, 66, 146, 1403, 66, 587, 66, 438, 93, 93, 78, 74, 74, 66, 76, 76, 86, 116, 76, 106, 766, 76, 243, 66, 66, 66, 66, 66, 66, 66, 66, 66, 2914, 66, 76, 76, 76, 76, 136, 76, 76, 76, 195, 66, 66, 610, 66, 76, 76, 76, 67, 97, 66, 66, 1320, 1457, 2848, 4324, 1457, 2848, 5630, 23631, 66, 66, 66, 66, 66, 66, 66, 66, 2882, 18391, 87, 66, 78, 66, 1943, 66, 9432, 10306, 66, 66, 9175, 66, 14069, 66, 66, 66, 66]",125769,66,23631,1337.968085106383,94,2,0,0,2.127659574468085,8.294e-06,0.040453728,0.004881347,4,4,"[97, 97, 188, 188]",570,97,188,142.5,0,4,0,98,"[74, 74, 66, 394, 66, 3389, 66, 146, 1403, 66, 587, 66, 438, 93, 93, 78, 97, 97, 188, 74, 188, 74, 66, 76, 76, 86, 116, 76, 106, 766, 76, 243, 66, 66, 66, 66, 66, 66, 66, 66, 66, 2914, 66, 76, 76, 76, 76, 136, 76, 76, 76, 195, 66, 66, 610, 66, 76, 76, 76, 67, 97, 66, 66, 1320, 1457, 2848, 4324, 1457, 2848, 5630, 23631, 66, 66, 66, 66, 66, 66, 66, 66, 2882, 18391, 87, 66, 78, 66, 1943, 66, 9432, 10306, 66, 66, 9175, 66, 14069, 66, 66, 66, 66]",126339,66,23631,1289.1734693877552,98,0,0.0,{'1': 4},{},9,0,0,0,0
https://www.colombiahosting.com.co/hosting/,561dac9d-22af-4477-b79d-995d2d1ae1fe,2025-05-06 08:54:25,"{'eth': 118, 'ip': 112, 'tcp': 104, 'tls': 51, 'arp': 6, 'udp': 4, 'dns': 4, 'icmp': 4, 'DATA': 10, 'ssh': 1}",118,"[105, 105, 66, 74, 74, 66, 394, 66, 3388, 66, 146, 1403, 66, 587, 66, 438, 93, 93, 78, 42, 42, 97, 97, 82, 82, 188, 74, 188, 74, 66, 76, 76, 86, 126, 76, 106, 766, 76, 233, 66, 66, 66, 66, 66, 66, 66, 66, 66, 2915, 99, 66, 78, 76, 76, 86, 176, 76, 132, 76, 99, 66, 66, 610, 66, 66, 97, 66, 76, 76, 76, 67, 66, 66, 74, 66, 74, 66, 54, 54, 106, 66, 1316, 1457, 2848, 4324, 1457, 2848, 4239, 8412, 15554, 15554, 6845, 66, 66, 1474, 14146, 66, 14402, 66, 14811, 66, 66, 66, 66, 42, 42, 54, 54, 54, 54, 54, 54, 66, 54, 42, 42, 82, 82]",127591,42,15554,1081.2796610169491,104,"[105, 105, 66, 74, 74, 66, 394, 66, 3388, 66, 146, 1403, 66, 587, 66, 438, 93, 93, 78, 74, 74, 66, 76, 76, 86, 126, 76, 106, 766, 76, 233, 66, 66, 66, 66, 66, 66, 66, 66, 66, 2915, 99, 66, 78, 76, 76, 86, 176, 76, 132, 76, 99, 66, 66, 610, 66, 66, 97, 66, 76, 76, 76, 67, 66, 66, 74, 66, 74, 66, 54, 54, 106, 66, 1316, 1457, 2848, 4324, 1457, 2848, 4239, 8412, 15554, 15554, 6845, 66, 66, 1474, 14146, 66, 14402, 66, 14811, 66, 66, 66, 66, 54, 54, 54, 54, 54, 54, 66, 54]",126441,54,15554,1215.7788461538462,104,2,1,0,1.9230769230769231,1.2109e-05,0.250162191,0.02467109692105263,4,4,"[97, 97, 188, 188]",570,97,188,142.5,0,4,0,112,"[105, 105, 66, 74, 74, 66, 394, 66, 3388, 66, 146, 1403, 66, 587, 66, 438, 93, 93, 78, 97, 97, 82, 82, 188, 74, 188, 74, 66, 76, 76, 86, 126, 76, 106, 766, 76, 233, 66, 66, 66, 66, 66, 66, 66, 66, 66, 2915, 99, 66, 78, 76, 76, 86, 176, 76, 132, 76, 99, 66, 66, 610, 66, 66, 97, 66, 76, 76, 76, 67, 66, 66, 74, 66, 74, 66, 54, 54, 106, 66, 1316, 1457, 2848, 4324, 1457, 2848, 4239, 8412, 15554, 15554, 6845, 66, 66, 1474, 14146, 66, 14402, 66, 14811, 66, 66, 66, 66, 54, 54, 54, 54, 54, 54, 66, 54, 82, 82]",127339,54,15554,1136.955357142857,112,0,0.0,{'1': 4},{},10,0,0,0,0
https://www.colombiahosting.com.co/hosting/,64a392bb-a6d7-4151-ba1e-65f886d93aaf,2025-05-06 09:40:09,"{'eth': 146, 'ip': 140, 'tcp': 136, 'tls': 74, 'http': 2, 'json': 1, 'arp': 6, 'udp': 4, 'dns': 4, 'DATA': 18}",146,"[74, 74, 66, 394, 66, 3388, 66, 146, 74, 62, 54, 265, 54, 54, 1354, 54, 54, 1403, 54, 54, 54, 587, 66, 66, 438, 93, 93, 78, 42, 42, 117, 1065, 66, 268, 66, 135, 105, 66, 97, 97, 188, 74, 188, 74, 66, 76, 76, 86, 126, 76, 106, 766, 76, 233, 66, 66, 66, 66, 66, 66, 66, 66, 66, 2915, 66, 76, 76, 86, 212, 76, 139, 66, 66, 619, 66, 76, 76, 77, 66, 77, 66, 78, 1031, 1457, 2848, 2848, 1541, 66, 1457, 2848, 66, 4239, 66, 7106, 7106, 66, 7106, 66, 7106, 66, 7106, 66, 7106, 66, 4213, 66, 3061, 66, 7106, 66, 2191, 66, 4239, 66, 7106, 66, 7106, 66, 2037, 66, 2959, 66, 7106, 66, 2055, 66, 66, 66, 66, 42, 42, 749, 66, 260, 66, 135, 66, 105, 66, 42, 42, 90, 66, 66, 66, 66]",132806,42,7106,909.6301369863014,136,"[74, 74, 66, 394, 66, 3388, 66, 146, 74, 62, 54, 265, 54, 54, 1354, 54, 54, 1403, 54, 54, 54, 587, 66, 66, 438, 93, 93, 78, 117, 1065, 66, 268, 66, 135, 105, 66, 74, 74, 66, 76, 76, 86, 126, 76, 106, 766, 76, 233, 66, 66, 66, 66, 66, 66, 66, 66, 66, 2915, 66, 76, 76, 86, 212, 76, 139, 66, 66, 619, 66, 76, 76, 77, 66, 77, 66, 78, 1031, 1457, 2848, 2848, 1541, 66, 1457, 2848, 66, 4239, 66, 7106, 7106, 66, 7106, 66, 7106, 66, 7106, 66, 7106, 66, 4213, 66, 3061, 66, 7106, 66, 2191, 66, 4239, 66, 7106, 66, 7106, 66, 2037, 66, 2959, 66, 7106, 66, 2055, 66, 66, 66, 66, 749, 66, 260, 66, 135, 66, 105, 66, 90, 66, 66, 66, 66]",131984,54,7106,970.4705882352941,136,2,1,0,1.4705882352941175,1.1364e-05,0.147500591,0.008466250225806451,4,4,"[97, 97, 188, 188]",570,97,188,142.5,0,4,0,140,"[74, 74, 66, 394, 66, 3388, 66, 146, 74, 62, 54, 265, 54, 54, 1354, 54, 54, 1403, 54, 54, 54, 587, 66, 66, 438, 93, 93, 78, 117, 1065, 66, 268, 66, 135, 105, 66, 97, 97, 188, 74, 188, 74, 66, 76, 76, 86, 126, 76, 106, 766, 76, 233, 66, 66, 66, 66, 66, 66, 66, 66, 66, 2915, 66, 76, 76, 86, 212, 76, 139, 66, 66, 619, 66, 76, 76, 77, 66, 77, 66, 78, 1031, 1457, 2848, 2848, 1541, 66, 1457, 2848, 66, 4239, 66, 7106, 7106, 66, 7106, 66, 7106, 66, 7106, 66, 7106, 66, 4213, 66, 3061, 66, 7106, 66, 2191, 66, 4239, 66, 7106, 66, 7106, 66, 2037, 66, 2959, 66, 7106, 66, 2055, 66, 66, 66, 66, 749, 66, 260, 66, 135, 66, 105, 66, 90, 66, 66, 66, 66]",132554,54,7106,946.8142857142857,140,0,0.0,{'1': 4},{},18,0,0,0,0
https://www.colombiahosting.com.co/hosting/,5a2f9710-7474-48bf-b19a-a1b60aea5afe,2025-05-06 10:26:26,"{'eth': 129, 'ip': 123, 'tcp': 115, 'udp': 8, 'dns': 8, 'tls': 48, 'arp': 6, 'DATA': 7, 'ssh': 1}",129,"[66, 93, 93, 74, 121, 183, 74, 66, 394, 66, 3387, 66, 146, 1403, 66, 587, 66, 438, 93, 93, 78, 42, 42, 90, 66, 66, 66, 97, 97, 188, 74, 188, 74, 66, 76, 76, 86, 226, 76, 156, 793, 66, 66, 66, 66, 66, 66, 66, 2914, 66, 76, 76, 76, 166, 76, 76, 185, 66, 610, 66, 66, 76, 76, 76, 67, 97, 66, 66, 66, 1026, 1457, 66, 66, 2848, 4324, 66, 66, 1457, 1457, 66, 66, 2848, 5630, 66, 66, 12585, 66, 23725, 66, 7497, 66, 2383, 66, 7763, 66, 22436, 592, 4317, 66, 66, 7153, 97, 66, 66, 66, 66, 66, 42, 42, 54, 54, 54, 54, 54, 54, 54, 54, 90, 66, 66, 66, 66, 66, 42, 42, 74, 74, 66, 106]",128124,42,23725,993.2093023255813,115,"[66, 74, 74, 66, 394, 66, 3387, 66, 146, 1403, 66, 587, 66, 438, 93, 93, 78, 90, 66, 66, 66, 74, 74, 66, 76, 76, 86, 226, 76, 156, 793, 66, 66, 66, 66, 66, 66, 66, 2914, 66, 76, 76, 76, 166, 76, 76, 185, 66, 610, 66, 66, 76, 76, 76, 67, 97, 66, 66, 66, 1026, 1457, 66, 66, 2848, 4324, 66, 66, 1457, 1457, 66, 66, 2848, 5630, 66, 66, 12585, 66, 23725, 66, 7497, 66, 2383, 66, 7763, 66, 22436, 592, 4317, 66, 66, 7153, 97, 66, 66, 66, 66, 66, 54, 54, 54, 54, 54, 54, 54, 54, 90, 66, 66, 66, 66, 66, 74, 74, 66, 106]",126812,54,23725,1102.713043478261,115,1,0,0,0.8695652173913043,8.276e-06,0.195832338,0.008990212431372548,8,8,"[93, 93, 121, 183, 97, 97, 188, 188]",1060,93,188,132.5,0,8,0,123,"[66, 93, 93, 74, 121, 183, 74, 66, 394, 66, 3387, 66, 146, 1403, 66, 587, 66, 438, 93, 93, 78, 90, 66, 66, 66, 97, 97, 188, 74, 188, 74, 66, 76, 76, 86, 226, 76, 156, 793, 66, 66, 66, 66, 66, 66, 66, 2914, 66, 76, 76, 76, 166, 76, 76, 185, 66, 610, 66, 66, 76, 76, 76, 67, 97, 66, 66, 66, 1026, 1457, 66, 66, 2848, 4324, 66, 66, 1457, 1457, 66, 66, 2848, 5630, 66, 66, 12585, 66, 23725, 66, 7497, 66, 2383, 66, 7763, 66, 22436, 592, 4317, 66, 66, 7153, 97, 66, 66, 66, 66, 66, 54, 54, 54, 54, 54, 54, 54, 54, 90, 66, 66, 66, 66, 66, 74, 74, 66, 106]",127872,54,23725,1039.6097560975609,123,0,0.0,"{'1': 6, '28': 2}",{},7,0,0,0,0
https://www.colombiahosting.com.co/hosting/,201590d7-c728-45ff-bf93-dc321956b852,2025-05-06 11:13:56,"{'eth': 285, 'ip': 277, 'udp': 8, 'dns': 8, 'tcp': 269, 'tls': 81, 'arp': 8, 'DATA': 11, 'http': 8, 'json': 4}",285,"[93, 93, 74, 74, 66, 394, 66, 109, 231, 3387, 66, 146, 1403, 66, 587, 66, 437, 93, 93, 78, 90, 66, 66, 66, 66, 42, 42, 7106, 7106, 66, 66, 66, 66, 5698, 11330, 66, 11330, 66, 66, 66, 66, 66, 66, 5698, 5698, 5698, 878, 66, 66, 66, 66, 66, 66, 66, 66, 66, 66, 101, 66, 277, 66, 164, 105, 16472, 32878, 66, 7339, 66, 66, 66, 66, 66, 66, 66, 66, 66, 66, 66, 66, 66, 66, 66, 66, 66, 66, 66, 66, 261, 156, 105, 16472, 32878, 6240, 66, 66, 66, 66, 66, 66, 66, 66, 66, 66, 66, 66, 66, 66, 66, 66, 259, 16472, 99, 66, 66, 66, 66, 66, 66, 105, 66, 258, 66, 135, 105, 66, 97, 97, 188, 188, 74, 74, 66, 76, 76, 86, 236, 76, 166, 773, 66, 66, 66, 66, 66, 66, 66, 2915, 66, 76, 76, 76, 116, 76, 76, 76, 225, 66, 610, 66, 66, 76, 76, 76, 67, 97, 66, 66, 66, 1028, 1457, 1457, 2848, 2848, 151, 1457, 1457, 66, 66, 66, 66, 66, 66, 66, 66, 2848, 5630, 7021, 13976, 19622, 3252, 436, 66, 66, 66, 66, 78, 66, 2163, 66, 16571, 66, 10264, 66, 16327, 66, 66, 66, 66, 624, 66, 276, 66, 118, 66, 105, 105, 66, 66, 42, 42, 42, 42, 1884, 1474, 1474, 1474, 1474, 1474, 1474, 1474, 54, 54, 1474, 1474, 1474, 1474, 1474, 1474, 54, 1474, 1474, 54, 54, 54, 1474, 1474, 54, 1474, 1474, 1474, 54, 1474, 54, 54, 54, 54, 54, 54, 54, 54, 54, 54, 54, 54, 54, 281, 54, 54, 1884, 54, 281, 54, 54, 1884, 54, 1884, 281, 54, 54, 54, 281, 54, 54, 42, 42]",367311,42,32878,1288.8105263157895,269,"[74, 74, 66, 394, 66, 3387, 66, 146, 1403, 66, 587, 66, 437, 93, 93, 78, 90, 66, 66, 66, 66, 7106, 7106, 66, 66, 66, 66, 5698, 11330, 66, 11330, 66, 66, 66, 66, 66, 66, 5698, 5698, 5698, 878, 66, 66, 66, 66, 66, 66, 66, 66, 66, 66, 101, 66, 277, 66, 164, 105, 16472, 32878, 66, 7339, 66, 66, 66, 66, 66, 66, 66, 66, 66, 66, 66, 66, 66, 66, 66, 66, 66, 66, 66, 66, 261, 156, 105, 16472, 32878, 6240, 66, 66, 66, 66, 66, 66, 66, 66, 66, 66, 66, 66, 66, 66, 66, 66, 259, 16472, 99, 66, 66, 66, 66, 66, 66, 105, 66, 258, 66, 135, 105, 66, 74, 74, 66, 76, 76, 86, 236, 76, 166, 773, 66, 66, 66, 66, 66, 66, 66, 2915, 66, 76, 76, 76, 116, 76, 76, 76, 225, 66, 610, 66, 66, 76, 76, 76, 67, 97, 66, 66, 66, 1028, 1457, 1457, 2848, 2848, 151, 1457, 1457, 66, 66, 66, 66, 66, 66, 66, 66, 2848, 5630, 7021, 13976, 19622, 3252, 436, 66, 66, 66, 66, 78, 66, 2163, 66, 16571, 66, 10264, 66, 16327, 66, 66, 66, 66, 624, 66, 276, 66, 118, 66, 105, 105, 66, 66, 1884, 1474, 1474, 1474, 1474, 1474, 1474, 1474, 54, 54, 1474, 1474, 1474, 1474, 1474, 1474, 54, 1474, 1474, 54, 54, 54, 1474, 1474, 54, 1474, 1474, 1474, 54, 1474, 54, 54, 54, 54, 54, 54, 54, 54, 54, 54, 54, 54, 54, 281, 54, 54, 1884, 54, 281, 54, 54, 1884, 54, 1884, 281, 54, 54, 54, 281, 54, 54]",365879,54,32878,1360.1449814126395,269,16,20,0,5.947955390334572,1.0728e-05,0.126005257,0.006642563409090909,8,8,"[93, 93, 109, 231, 97, 97, 188, 188]",1096,93,231,137.0,0,8,0,277,"[93, 93, 74, 74, 66, 394, 66, 109, 231, 3387, 66, 146, 1403, 66, 587, 66, 437, 93, 93, 78, 90, 66, 66, 66, 66, 7106, 7106, 66, 66, 66, 66, 5698, 11330, 66, 11330, 66, 66, 66, 66, 66, 66, 5698, 5698, 5698, 878, 66, 66, 66, 66, 66, 66, 66, 66, 66, 66, 101, 66, 277, 66, 164, 105, 16472, 32878, 66, 7339, 66, 66, 66, 66, 66, 66, 66, 66, 66, 66, 66, 66, 66, 66, 66, 66, 66, 66, 66, 66, 261, 156, 105, 16472, 32878, 6240, 66, 66, 66, 66, 66, 66, 66, 66, 66, 66, 66, 66, 66, 66, 66, 66, 259, 16472, 99, 66, 66, 66, 66, 66, 66, 105, 66, 258, 66, 135, 105, 66, 97, 97, 188, 188, 74, 74, 66, 76, 76, 86, 236, 76, 166, 773, 66, 66, 66, 66, 66, 66, 66, 2915, 66, 76, 76, 76, 116, 76, 76, 76, 225, 66, 610, 66, 66, 76, 76, 76, 67, 97, 66, 66, 66, 1028, 1457, 1457, 2848, 2848, 151, 1457, 1457, 66, 66, 66, 66, 66, 66, 66, 66, 2848, 5630, 7021, 13976, 19622, 3252, 436, 66, 66, 66, 66, 78, 66, 2163, 66, 16571, 66, 10264, 66, 16327, 66, 66, 66, 66, 624, 66, 276, 66, 118, 66, 105, 105, 66, 66, 1884, 1474, 1474, 1474, 1474, 1474, 1474, 1474, 54, 54, 1474, 1474, 1474, 1474, 1474, 1474, 54, 1474, 1474, 54, 54, 54, 1474, 1474, 54, 1474, 1474, 1474, 54, 1474, 54, 54, 54, 54, 54, 54, 54, 54, 54, 54, 54, 54, 54, 281, 54, 54, 1884, 54, 281, 54, 54, 1884, 54, 1884, 281, 54, 54, 54, 281, 54, 54]",366975,54,32878,1324.8194945848375,277,0,0.0,"{'1': 6, '28': 2}",{},11,0,0,0,0
https://www.colombiahosting.com.co/hosting/,3c4730dd-7982-4b63-9d00-31a67b6f6a79,2025-05-06 11:59:35,"{'eth': 111, 'ip': 105, 'tcp': 101, 'tls': 47, 'arp': 6, 'udp': 4, 'dns': 4, 'DATA': 7}",111,"[74, 74, 66, 394, 66, 3388, 66, 146, 1403, 66, 587, 66, 437, 93, 93, 78, 42, 42, 54, 54, 54, 54, 54, 54, 54, 54, 42, 42, 97, 97, 188, 74, 188, 74, 66, 76, 76, 86, 166, 76, 126, 796, 76, 143, 66, 66, 66, 66, 66, 66, 66, 66, 66, 2914, 66, 76, 76, 76, 76, 202, 76, 76, 76, 129, 66, 66, 619, 66, 76, 76, 76, 67, 66, 66, 1311, 1457, 4239, 2932, 66, 66, 1457, 2848, 66, 5630, 66, 12585, 66, 2848, 16692, 12855, 66, 66, 3803, 66, 13437, 66, 15342, 898, 4317, 66, 66, 7540, 66, 460, 97, 66, 66, 66, 66, 42, 42]",127671,42,16692,1150.1891891891892,101,"[74, 74, 66, 394, 66, 3388, 66, 146, 1403, 66, 587, 66, 437, 93, 93, 78, 54, 54, 54, 54, 54, 54, 54, 54, 74, 74, 66, 76, 76, 86, 166, 76, 126, 796, 76, 143, 66, 66, 66, 66, 66, 66, 66, 66, 66, 2914, 66, 76, 76, 76, 76, 202, 76, 76, 76, 129, 66, 66, 619, 66, 76, 76, 76, 67, 66, 66, 1311, 1457, 4239, 2932, 66, 66, 1457, 2848, 66, 5630, 66, 12585, 66, 2848, 16692, 12855, 66, 66, 3803, 66, 13437, 66, 15342, 898, 4317, 66, 66, 7540, 66, 460, 97, 66, 66, 66, 66]",126849,54,16692,1255.930693069307,101,1,0,0,0.9900990099009901,7.058e-06,0.013070777,0.004316647948717949,4,4,"[97, 97, 188, 188]",570,97,188,142.5,0,4,0,105,"[74, 74, 66, 394, 66, 3388, 66, 146, 1403, 66, 587, 66, 437, 93, 93, 78, 54, 54, 54, 54, 54, 54, 54, 54, 97, 97, 188, 74, 188, 74, 66, 76, 76, 86, 166, 76, 126, 796, 76, 143, 66, 66, 66, 66, 66, 66, 66, 66, 66, 2914, 66, 76, 76, 76, 76, 202, 76, 76, 76, 129, 66, 66, 619, 66, 76, 76, 76, 67, 66, 66, 1311, 1457, 4239, 2932, 66, 66, 1457, 2848, 66, 5630, 66, 12585, 66, 2848, 16692, 12855, 66, 66, 3803, 66, 13437, 66, 15342, 898, 4317, 66, 66, 7540, 66, 460, 97, 66, 66, 66, 66]",127419,54,16692,1213.5142857142857,105,0,0.0,{'1': 4},{},7,0,0,0,0
